ramp_id,calle,interseccion,barrio,zona,posee_rampa,estado_rampa,obs,lat,lng,,
388,Carlos M. de Alvear,12 de Octubre,Pietrobelli,2,Si,Óptimo,,-45.8579212,-67.4971519,,
389,Carlos M. de Alvear,12 de Octubre,Pietrobelli,2,Si,Óptimo,Pintado,-45.8579137,-67.4974362,,
390,Leandro N. Alem,12 de Octubre,Pietrobelli,2,Si,Óptimo,Pintado,-45.8579082,-67.4986664,,
391,Leandro N. Alem,12 de Octubre,Pietrobelli,2,Si,Óptimo,Pintado,-45.8579673,-67.4987255,,
392,Leandro N. Alem,12 de Octubre,Pietrobelli,2,Si,Óptimo,,-45.8579747,-67.4989321,,
393,Formosa,Carlos M. de Alvear,Pietrobelli,2,Si,Mejorar,,-45.8545808,-67.4989984,,
394,12 de Octubre,Leandro N. Alem,Pietrobelli,2,Si,Óptimo,Pintado,-45.8579192,-67.4990108,,
395,Misiones,Leandro N. Alem,Pietrobelli,2,Si,Óptimo,,-45.8556055,-67.4990142,,
396,Misiones,Leandro N. Alem,Pietrobelli,2,Si,Mejorar,,-45.8556919,-67.4990078,,
397,Carlos M. de Alvear,Luis Argentino Huergo,Pietrobelli,2,Si,Óptimo,Pintado,-45.8587857,-67.4973846,,
398,Leandro N. Alem,Luis Argentino Huergo,Pietrobelli,2,Si,Óptimo,Pintado,-45.8586706,-67.4987581,,
399,Virgen del Carmen,Saavedra,Pietrobelli,2,Si,Óptimo,,-45.8583339,-67.4959477,,
400,Virgen del carmen,Saavedra,Pietrobelli,2,Si,Óptimo,Pintado,-45.8584157,-67.4959421,,
401,Chaco,13 de Diciembre,Jorge Newbery,3,Si,Mejorar,,-45.8567211,-67.5020648,,
402,Misiones,13 de Diciembre,Jorge Newbery,3,Si,Mejorar,,-45.8557374,-67.5020482,,
403,Chaco,13 de Diciembre,Jorge Newbery,3,Si,Mejorar,,-45.8567994,-67.5021285,,
404,Luis Argentino Huergo,13 de Diciembre,Jorge Newbery,3,Si,Mejorar,,-45.8589871,-67.5020899,,
405,Galicia,Entre Ríos,Jorge Newbery,3,Si,Mejorar,,-45.8652832,-67.5064683,,
406,Avenida Bernardino Rivadavia,Islas Malvinas,Jorge Newbery,3,Si,Mejorar,Boulevard,-45.862193,-67.509514,,
407,Asturias,Jorge Newbery,Jorge Newbery,3,Si,Óptimo,,-45.8641079,-67.5057605,,
408,Asturias,Jorge Newbery,Jorge Newbery,3,Si,Óptimo,Pintado,-45.8641789,-67.5058034,,
409,Galicia,Jorge Newbery,Jorge Newbery,3,Si,Óptimo,,-45.8644471,-67.5068315,,
410,Pastor E. Schneider,Jorge Newbery,Jorge Newbery,3,Si,Óptimo,,-45.8636838,-67.5033312,,
411,Asturias,Jorge Newbery,Jorge Newbery,3,Si,Óptimo,,-45.8642298,-67.5059743,,
412,Asturias,Jorge Newbery,Jorge Newbery,3,Si,Mejorar,,-45.863983,-67.5057759,,
413,Pastor E. Schneider,Mendoza,Jorge Newbery,3,Si,Óptimo,,-45.8641137,-67.5033195,,
414,Entre Ríos,Mendoza,Jorge Newbery,3,Si,Óptimo,,-45.8648199,-67.5038708,,
415,Avenida Bernardino Rivadavia,Pasaje San Antonio,Jorge Newbery,3,Si,Mejorar,,-45.862103,-67.508536,,
416,Avenida Bernardino Rivadavia,Pastor Schneider,Jorge Newbery,3,Si,Mejorar,,-45.862093,-67.503302,,
417,Avenida Bernardino Rivadavia,Pastor Schneider,Jorge Newbery,3,Si,Mejorar,,-45.862198,-67.503285,,
418,Avenida Bernardino Rivadavia,Pastor Schneider,Jorge Newbery,3,Si,Mejorar,,-45.862375,-67.50326,,
419,Jorge Newbery,Pastor Schneider,Jorge Newbery,3,Si,Óptimo,,-45.863568,-67.5036407,,
420,Jorge Newbery,Pastor Schneider,Jorge Newbery,3,Si,Óptimo,,-45.8636346,-67.5034367,,
421,12 de Octubre,,Jorge Newbery,3,Si,Óptimo,,-45.8578819,-67.5021278,,
422,Avenida Bernardino Rivadavia,,Jorge Newbery,3,Si,Óptimo,,-45.8623903,-67.5048312,,
423,Avenida Bernardino Rivadavia,Asturias,Jorge Newbery,3,Si,Mejorar,,-45.862379,-67.506022,,
424,Avenida Bernardino Rivadavia,Asturias,Jorge Newbery,3,Si,Mejorar,,-45.862201,-67.506036,,
425,Islas Malvinas Norte,Avenida Bernardino Rivadavia,Jorge Newbery,3,Si,Mejorar,,-45.862034,-67.50961,,
426,Islas Malvinas Norte,Avenida Bernardino Rivadavia,Jorge Newbery,3,Si,Mejorar,,-45.862306,-67.509596,,
427,Ituizango,Avenida Bernardino Rivadavia,Jorge Newbery,3,Si,Óptimo,,-45.862566,-67.507607,,
428,Pasaje San Antonio,Avenida Bernardino Rivadavia,Jorge Newbery,3,Si,Mejorar,,-45.86203,-67.508781,,
429,Pasaje San Antonio,Avenida Bernardino Rivadavia,Jorge Newbery,3,Si,Mejorar,,-45.862031,-67.508674,,
430,Pastor E. Schneider,Avenida Bernardino Rivadavia,Jorge Newbery,3,Si,Mejorar,,-45.862038,-67.503365,,
431,Pastor E. Schneider,Avenida Bernardino Rivadavia,Jorge Newbery,3,Si,Mejorar,,-45.862543,-67.503373,,
432,Asturias,Avenida Bernardino Rivadavia,Jorge Newbery,3,Si,Mejorar,,-45.862557,-67.506282,,
433,Asturias,Avenida Bernardino Rivadavia,Jorge Newbery,3,Si,Óptimo,Boulevard,-45.862307,-67.506305,,
434,Florida,Avenida Bernardino Rivadavia,Jorge Newbery,3,Si,Mejorar,,-45.862019,-67.507733,,
435,Florida,Avenida Bernardino Rivadavia,Jorge Newbery,3,Si,Mejorar,,-45.862028,-67.507562,,
436,Florida,Avenida Bernardino Rivadavia,Jorge Newbery,3,Si,Óptimo,Boulevard Oscar Smith,-45.862307,-67.507607,,
437,Florida,Avenida Bernardino Rivadavia,Jorge Newbery,3,Si,Óptimo,,-45.862306,-67.507752,,
438,Fragata Sarmiento,Avenida Bernardino Rivadavia,Jorge Newbery,3,Si,Mejorar,,-45.862035,-67.506455,,
439,Fragata Sarmiento,Avenida Bernardino Rivadavia,Jorge Newbery,3,Si,Mejorar,,-45.862083,-67.506662,,
440,Avenida Bernardino Rivadavia,Araucarias,Las Flores,4,Si,Mejorar,,-45.862175,-67.513962,,
441,Islas Malvinas Norte,Avenida Bernardino Rivadavia,Las Flores,4,Si,Óptimo,,-45.862307,-67.509752,,
442,Los Ajenjos,Avenida Bernardino Rivadavia,Las Flores,4,Si,Mejorar,,-45.861981,-67.512968,,
443,Los Ajenjos,Avenida Bernardino Rivadavia,Las Flores,4,Si,Mejorar,,-45.861984,-67.512804,,
444,Los Pinos,Avenida Bernardino Rivadavia,Las Flores,4,Si,Mejorar,,-45.862026,-67.511697,,
445,Araucarias Norte,Avenida Bernardino Rivadavia,Las Flores,4,Si,Mejorar,,-45.862289,-67.514283,,
446,Araucarias Norte,Avenida Bernardino Rivadavia,Las Flores,4,Si,Óptimo,,-45.862292,-67.514123,,
447,Benito Lynch,Avenida Bernardino Rivadavia,Las Flores,4,Si,Óptimo,,-45.862293,-67.512298,,
448,Benito Lynch,Avenida Bernardino Rivadavia,Las Flores,4,Si,Mejorar,,-45.862304,-67.512167,,
449,Avenida Bernardino Rivadavia,Avenida John Fitzgerald Kennedy,Las Flores,4,Si,Óptimo,Boulevard,-45.862262,-67.515363,,
450,Avenida Bernardino Rivadavia,,Las Flores,4,Si,Mejorar,Boulevard Segundo E. Villagran,-45.862251,-67.515552,,
451,Boulevard Córdoba,13 de Diciembre,9 de Julio,7,Si,Óptimo,Pintado,-45.867726,-67.5020787,,
452,Chubut,13 de Diciembre,9 de Julio,7,Si,Mejorar,,-45.8657724,-67.50265,,
453,Córdoba,13 de Diciembre,9 de Julio,7,Si,Óptimo,Pintado,-45.8677821,-67.5020869,,
454,Entre Ríos,13 de Diciembre,9 de Julio,7,Si,Mejorar,,-45.8654222,-67.5024932,,
455,Entre Ríos,13 de Diciembre,9 de Julio,7,Si,Mejorar,,-45.8655166,-67.5025768,,
456,Boulevard Córdoba,13 de Diciembre,9 de Julio,7,Si,Óptimo,Pintado,-45.8678745,-67.5021365,,
457,Boulevard Córdoba,13 de Diciembre,9 de Julio,7,Si,Óptimo,Pintado,-45.867624,-67.5021298,,
458,Jorge Newbery,13 de Diciembre,9 de Julio,7,Si,Mejorar,,-45.8635621,-67.5021184,,
459,Tucumán,13 de Diciembre,9 de Julio,7,Si,Óptimo,,-45.8662378,-67.5022066,,
460,Uruguay,13 de Diciembre,9 de Julio,7,Si,Mejorar,,-45.868668,-67.502102,,
461,Catamarca,13 de Diciembre,9 de Julio,7,Si,Mejorar,,-45.864655,-67.5021529,,
462,Avenida Sargento Cabral,Aristóbulo del Valle,9 de Julio,7,Si,Óptimo,,-45.8699207,-67.5037964,,
463,Avenida Sargento Cabral,Aristóbulo del Valle,9 de Julio,7,Si,Óptimo,,-45.8699051,-67.5038304,,
464,Santiago del Estero,Aristóbulo del Valle,9 de Julio,7,Si,Mejorar,,-45.8698763,-67.5029061,,
465,Salta,Avenida Sargento Cabral,9 de Julio,7,Si,Óptimo,,-45.8697009,-67.5040517,,
466,Santa Cruz,Avenida Sargento Cabral,9 de Julio,7,Si,Mejorar,,-45.8692465,-67.5049556,,
467,Santa Cruz,Avenida Sargento Cabral,9 de Julio,7,Si,Mejorar,,-45.8693187,-67.5048581,,
468,Chubut,Boulevard Córdoba,9 de Julio,7,Si,Óptimo,,-45.8666864,-67.5043263,,
469,Mendoza,Boulevard Córdoba,9 de Julio,7,Si,Mejorar,,-45.8659495,-67.5054954,,
470,Mendoza,Boulevard Córdoba,9 de Julio,7,Si,Óptimo,,-45.8658635,-67.5056501,,
471,Eleuterio Mujica,Catamarca,9 de Julio,7,Si,Óptimo,,-45.8657703,-67.5039292,,
472,Entre Ríos,Catamarca,9 de Julio,7,Si,Óptimo,,-45.8649293,-67.5032355,,
473,Uruguay,Catamarca,9 de Julio,7,Si,Óptimo,,-45.86702,-67.5056087,,
474,Eleuterio Mujica,Catamarca,9 de Julio,7,Si,Óptimo,,-45.8658284,-67.5040423,,
475,Eleuterio Mujica,Chubut,9 de Julio,7,Si,Mejorar,,-45.8660753,-67.5036376,,
476,Eleuterio Mujica,Chubut,9 de Julio,7,Si,Mejorar,,-45.8660166,-67.5035398,,
477,Mendoza,Córdoba,9 de Julio,7,Si,Mejorar,,-45.8659383,-67.5055034,,
478,Mendoza,Córdoba,9 de Julio,7,Si,Mejorar,,-45.8658815,-67.5056257,,
479,Santiago del Estero,Córdoba,9 de Julio,7,Si,Óptimo,,-45.8679219,-67.5029331,,
480,Tucumán,Córdoba,9 de Julio,7,Si,Óptimo,,-45.8672048,-67.5034842,,
481,Tucumán,Córdoba,9 de Julio,7,Si,Óptimo,,-45.8673203,-67.5039797,,
482,Catamarca,Córdoba,9 de Julio,7,Si,Mejorar,,-45.8664141,-67.5048106,,
483,Catamarca,Córdoba,9 de Julio,7,Si,Mejorar,,-45.8667398,-67.5049318,,
484,Catamarca,Córdoba,9 de Julio,7,Si,Óptimo,,-45.8663558,-67.5049244,,
485,Chubur,Córdoba,9 de Julio,7,Si,Óptimo,,-45.8666905,-67.5043201,,
486,Chubut,Córdoba,9 de Julio,7,Si,Mejorar,,-45.8667598,-67.504216,,
487,Catamarca,Entre Ríos,9 de Julio,7,Si,Óptimo,,-45.8650544,-67.5029619,,
488,Catamarca,Entre Ríos,9 de Julio,7,Si,Óptimo,,-45.8649758,-67.5029005,,
489,Catamarca,Entre Ríos,9 de Julio,7,Si,Óptimo,,-45.8651689,-67.5032238,,
490,Mendoza,Entre Ríos,9 de Julio,7,Si,Óptimo,,-45.8651494,-67.5046905,,
491,Catamarca,Entre Ríos,9 de Julio,7,Si,Óptimo,,-45.8651413,-67.5033631,,
492,Salta,Hipólito Bouchard,9 de Julio,7,Si,Mejorar,,-45.8687687,-67.5031151,,
493,Santiago del Estero,Hipólito Bouchard,9 de Julio,7,Si,Óptimo,,-45.8688447,-67.5029272,,
494,Santiago del Estero,Hipólito Bouchard,9 de Julio,7,Si,Mejorar,,-45.868629,-67.5029365,,
495,Uruguay,La Pampa,9 de Julio,7,Si,Mejorar,,-45.867464,-67.5051185,,
496,Uruguay,La Pampa,9 de Julio,7,Si,Óptimo,,-45.8673521,-67.5053208,,
497,Pastor E. Schneider,Mendoza,9 de Julio,7,Si,Óptimo,,-45.8640963,-67.5031404,,
498,Córdoba,Mendoza,9 de Julio,7,Si,Óptimo,,-45.8660762,-67.5059012,,
499,Entre Ríos,Mendoza,9 de Julio,7,Si,Óptimo,,-45.8649248,-67.5038401,,
500,Chubut,Mujica Eleuterio,9 de Julio,7,Si,Mejorar,,-45.8660464,-67.5034344,,
501,Chubut,Mujica Eleuterio,9 de Julio,7,Si,Mejorar,,-45.8661549,-67.5036053,,
502,Catamarca,Mujica Eleuterio,9 de Julio,7,Si,Óptimo,,-45.8658438,-67.5041162,,
503,Jorge Newbery,Pastor Schneider,9 de Julio,7,Si,Óptimo,,-45.8635599,-67.5030734,,
504,Avenida Sargento Cabral,Río Negro,9 de Julio,7,Si,Óptimo,,-45.8679534,-67.507328,,
505,Uruguay,Río Negro,9 de Julio,7,Si,Mejorar,,-45.8670366,-67.5058319,,
506,Santiago del Estero,Salta,9 de Julio,7,Si,Óptimo,,-45.8687047,-67.5030712,,
507,Santiago del Estero,Santa Cruz,9 de Julio,7,Si,Óptimo,Pintado,-45.8679465,-67.5030829,,
508,Uruguay,Santa Cruz,9 de Julio,7,Si,Óptimo,,-45.8681588,-67.5037474,,
509,Uruguay,Santa Cruz,9 de Julio,7,Si,Óptimo,Pintado,-45.868223,-67.5038625,,
510,Santa Cruz,Santiago del Esteo,9 de Julio,7,Si,Óptimo,Pintado,-45.8679285,-67.5031934,,
511,Uruguay,Tucumán,9 de Julio,7,Si,Óptimo,,-45.8679294,-67.5043824,,
512,Uruguay,Tucumán,9 de Julio,7,Si,Óptimo,,-45.867836,-67.5043072,,
513,Uruguay,Tucumán,9 de Julio,7,Si,Óptimo,,-45.8677674,-67.5046245,,
514,Catamarca,Uruguay,9 de Julio,7,Si,Óptimo,,-45.8670175,-67.5054766,,
515,La Pampa,Uruguay,9 de Julio,7,Si,Óptimo,,-45.867492,-67.5052204,,
516,La Pampa,Uruguay,9 de Julio,7,Si,Óptimo,,-45.8674248,-67.5053039,,
517,Mendoza,Uruguay,9 de Julio,7,Si,Óptimo,,-45.8666123,-67.5066828,,
518,Mendoza,Uruguay,9 de Julio,7,Si,Óptimo,,-45.8665436,-67.5067903,,
519,Santa Cruz,Uruguay,9 de Julio,7,Si,Óptimo,,-45.8682972,-67.5038367,,
520,Tucumán,Uruguay,9 de Julio,7,Si,Óptimo,,-45.8678496,-67.5046111,,
521,Tucumán,Uruguay,9 de Julio,7,Si,Óptimo,,-45.8679397,-67.5044983,,
522,Tucumán,Uruguay,9 de Julio,7,Si,Óptimo,,-45.8677501,-67.5043312,,
523,Hipólito Bouchard,,9 de Julio,7,Si,Óptimo,,-45.868792,-67.5028333,,
524,Pastor E. Schneider,,9 de Julio,7,Si,Óptimo,,-45.8636043,-67.5031742,,
525,Río Negro,,9 de Julio,7,Si,Mejorar,,-45.8670478,-67.505966,,
526,Río Negro,,9 de Julio,7,Si,Óptimo,,-45.8679499,-67.507198,,
527,Salta,,9 de Julio,7,Si,Mejorar,,-45.8696468,-67.5041885,,
528,Salta,Avenida Sargento Cabral,13 de Diciembre,8,Si,Mejorar,,-45.8699161,-67.5045103,,
529,Salta,Avenida Sargento Cabral,13 de Diciembre,8,Si,Óptimo,,-45.8699387,-67.5044101,,
530,Tucumán,Avenida Sargento Cabral,13 de Diciembre,8,Si,Mejorar,,-45.8690993,-67.5058994,,
531,Tucumán,Avenida Sargento Cabral,13 de Diciembre,8,Si,Mejorar,,-45.8690355,-67.5060896,,
532,La Pampa,Avenida Sargento Cabral,13 de Diciembre,8,Si,Óptimo,,-45.8686899,-67.5066785,,
533,Neuquén,Bernardo O'Higgins,13 de Diciembre,8,Si,Óptimo,,-45.8716862,-67.5040379,,
534,Neuquén,Bernardo O'Higgins,13 de Diciembre,8,Si,Óptimo,,-45.8712657,-67.5047892,,
535,Neuquén,Bernardo O'Higgins,13 de Diciembre,8,Si,Óptimo,,-45.8714681,-67.5049697,,
536,Neuquén,Bernardo O'Higgins,13 de Diciembre,8,Si,Óptimo,,-45.87134,-67.5045912,,
537,Neuquén,Bernardo O'Higgins,13 de Diciembre,8,Si,Mejorar,,-45.8715376,-67.5047744,,
538,Salta,Bernardo O'Higgins,13 de Diciembre,8,Si,Óptimo,,-45.8709129,-67.5056627,,
539,Salta,Bernardo O'Higgins,13 de Diciembre,8,Si,Mejorar,,-45.8709646,-67.5055171,,
540,Salta,Bernardo O'Higgins,13 de Diciembre,8,Si,Mejorar,,-45.8711456,-67.5056987,,
541,San Juan,Bernardo O'Higgins,13 de Diciembre,8,Si,Óptimo,,-45.8717566,-67.5039892,,
542,San Juan,Bernardo O'Higgins,13 de Diciembre,8,Si,Óptimo,,-45.8717921,-67.5038256,,
543,San Juan,Bernardo O'Higgins,13 de Diciembre,8,Si,Óptimo,,-45.8715862,-67.5037753,,
544,San Juan,Bernardo O'Higgins,13 de Diciembre,8,Si,Óptimo,,-45.8715567,-67.5038923,,
545,Santa Cruz,Bernardo O'Higgins,13 de Diciembre,8,Si,Mejorar,,-45.8707107,-67.5066345,,
546,Santa Cruz,Bernardo O'Higgins,13 de Diciembre,8,Si,Mejorar,,-45.8705363,-67.5064569,,
547,Santa Cruz,Bernardo O'Higgins,13 de Diciembre,8,Si,Mejorar,,-45.8707861,-67.5065334,,
548,Tucumán,Bernardo O'Higgins,13 de Diciembre,8,Si,Óptimo,,-45.8701618,-67.5070836,,
549,Tucumán,Bernardo O'Higgins,13 de Diciembre,8,Si,Óptimo,,-45.8700927,-67.507215,,
550,Tucumán,Bernardo O'Higgins,13 de Diciembre,8,Si,Mejorar,,-45.8703828,-67.5073045,,
551,Santa Cruz,Bernardo O'Higgins,13 de Diciembre,8,Si,Óptimo,,-45.8706001,-67.506345,,
552,Isidro Quiroga,Bernardo O'Higgins,13 de Diciembre,8,Si,Mejorar,,-45.8700146,-67.5080117,,
553,La Pampa,Bernardo O'Higgins,13 de Diciembre,8,Si,Óptimo,,-45.8697853,-67.5078897,,
554,Juan de Garay,Jose Figueroa Alcorta,13 de Diciembre,8,Si,Óptimo,,-45.873101,-67.5048687,,
555,José Figueroa Alcorta,Juan de Garay,13 de Diciembre,8,Si,Óptimo,,-45.8731301,-67.5048341,,
556,Tierra del Fuego,Juan de Garay,13 de Diciembre,8,Si,Óptimo,,-45.8727463,-67.5048111,,
557,Bernardo O'Higgins,Mendoza,13 de Diciembre,8,Si,Óptimo,,-45.8686702,-67.5089717,,
558,Bernardo O'Higgins,Neuquén,13 de Diciembre,8,Si,Óptimo,,-45.8715118,-67.5046649,,
559,Bernardo O'Higgins,Neuquén,13 de Diciembre,8,Si,Óptimo,,-45.871408,-67.5045683,,
560,Bernardo O'Higgins,Neuquén,13 de Diciembre,8,Si,Óptimo,,-45.8713494,-67.5050549,,
561,Bernardo O'Higgins,Neuquén,13 de Diciembre,8,Si,Óptimo,,-45.8712668,-67.5049649,,
562,Bernardo O'Higgins,Río Negro,13 de Diciembre,8,Si,Mejorar,,-45.8691374,-67.5086869,,
563,Bernardo O'Higgins,Salta,13 de Diciembre,8,Si,Óptimo,,-45.8709338,-67.5057499,,
564,Bernardo O'Higgins,Salta,13 de Diciembre,8,Si,Mejorar,,-45.87101,-67.5058442,,
565,Tierra del Fuego,Salta,13 de Diciembre,8,Si,Óptimo,,-45.8720906,-67.5066131,,
566,Bernardo O'Higgins,San Juan,13 de Diciembre,8,Si,Óptimo,,-45.87158,-67.5040347,,
567,Tierra del Fuego,San Luis,13 de Diciembre,8,Si,Óptimo,,-45.8730101,-67.5034883,,
568,Tierra del Fuego,San Luis,13 de Diciembre,8,Si,Óptimo,,-45.8730196,-67.5038021,,
569,Bernardo O'Higgins,Santa Cruz,13 de Diciembre,8,Si,Mejorar,,-45.8706453,-67.5066694,,
570,Tierra del Fuego,Santa Cruz,13 de Diciembre,8,Si,Mejorar,,-45.8717553,-67.5074581,,
571,Bernardo O'Higgins,Santa Cruz,13 de Diciembre,8,Si,Mejorar,,-45.8705579,-67.506609,,
572,José Figueroa Alcorta,Tierra del Fuego,13 de Diciembre,8,Si,Óptimo,,-45.8731688,-67.5035781,,
573,Juan de Garay,Tierra del Fuego,13 de Diciembre,8,Si,Óptimo,,-45.8727891,-67.5049221,,
574,Salta,Tierra del Fuego,13 de Diciembre,8,Si,Óptimo,,-45.8720686,-67.5064881,,
575,San Juan,Tierra del Fuego,13 de Diciembre,8,Si,Óptimo,,-45.8726573,-67.5044763,,
576,San Luis,Tierra del Fuego,13 de Diciembre,8,Si,Óptimo,,-45.8729223,-67.5035634,,
577,San Luis,Tierra del Fuego,13 de Diciembre,8,Si,Óptimo,,-45.8728697,-67.5036519,,
578,San Luis,Tierra del Fuego,13 de Diciembre,8,Si,Óptimo,,-45.8729164,-67.5037726,,
579,Santa Cruz,Tierra del Fuego,13 de Diciembre,8,Si,Óptimo,,-45.8718456,-67.5071935,,
580,Santa Cruz,Tierra del Fuego,13 de Diciembre,8,Si,Mejorar,,-45.8717249,-67.5073016,,
581,Santa Cruz,Tierra del Fuego,13 de Diciembre,8,Si,Óptimo,,-45.8717949,-67.5071905,,
582,Bernardo O'Higgins,Tucumán,13 de Diciembre,8,Si,Óptimo,,-45.8702778,-67.5070996,,
583,Río Negro,,13 de Diciembre,8,Si,Mejorar,,-45.8681702,-67.5075271,,
584,Río Negro,,13 de Diciembre,8,Si,Mejorar,,-45.8682617,-67.5073983,,
585,Río Negro,,13 de Diciembre,8,Si,Mejorar,,-45.8691431,-67.5085924,,
586,Salta,,13 de Diciembre,8,Si,Óptimo,,-45.8705789,-67.5050959,,
587,Salta,,13 de Diciembre,8,Si,Mejorar,,-45.8710971,-67.505822,,
588,San Juan,,13 de Diciembre,8,Si,Óptimo,Geriátrico,-45.872528,-67.5045099,,
589,Tierra del Fuego,Juan de Garay,José Fuchs,9,Si,Óptimo,,-45.8726494,-67.5051116,,
590,Tierra del Fuego,Salta,José Fuchs,9,Si,Óptimo,,-45.8721998,-67.5067019,,
591,Tierra del Fuego,Santa Cruz,José Fuchs,9,Si,Óptimo,,-45.8719209,-67.5072883,,
592,Salta,Tierra del Fuego,José Fuchs,9,Si,Mejorar,,-45.8723361,-67.5064469,,
593,Salta,Tierra del Fuego,José Fuchs,9,Si,Óptimo,,-45.8722588,-67.5066322,,
594,Ituizango,Avenida Bernardino Rivadavia,Ceferino Namucurá,10,Si,Óptimo,,-45.862559,-67.507792,,
595,Avenida Bernardino Rivadavia,Avenida John Fitzgerald Kennedy,Ceferino Namucurá,10,Si,Mejorar,,-45.862431,-67.515132,,
596,Avenida Bernardino Rivadavia,Avenida John Fitzgerald Kennedy,Ceferino Namucurá,10,Si,Mejorar,,-45.86234,-67.51515,,
597,Avenida Bernardino Rivadavia,Benito Lynch,Ceferino Namucurá,10,Si,Mejorar,,-45.862464,-67.512404,,
598,Avenida Bernardino Rivadavia,Pasaje Mario Almonacid,Ceferino Namucurá,10,Si,Mejorar,,-45.862449,-67.513998,,
599,Pasaje Ceferino Namuncurá,,Ceferino Namucurá,10,Si,Mejorar,,-45.862553,-67.508721,,
600,Pasaje Ceferino Namuncurá,Avenida Bernardino Rivadavia,Ceferino Namucurá,10,Si,Mejorar,,-45.862552,-67.508617,,
601,Soldado Mario Almonacid,Avenida Bernardino Rivadavia,Ceferino Namucurá,10,Si,Mejorar,,-45.862544,-67.514128,,
602,Avenida John Fitzgerald Kennedy,Avenida Bernardino Rivadavia,Ceferino Namucurá,10,Si,Óptimo,,-45.862533,-67.515404,,
603,Benito Lynch,Avenida Bernardino Rivadavia,Ceferino Namucurá,10,Si,Mejorar,,-45.862536,-67.512288,,
604,Benito Lynch,Avenida Bernardino Rivadavia,Ceferino Namucurá,10,Si,Mejorar,,-45.862532,-67.512165,,
605,Francisco de Viedma,Avenida Langara,General Enrique Mosconi,11,Si,Mejorar,,-45.83412,-67.478537,,
606,Avenida Petrolero San Lorenzo,Avenida Tehuelches,General Enrique Mosconi,11,Si,Mejorar,,-45.836823,-67.476911,,
607,Francisco de Viedma,Avenida Tehuelches,General Enrique Mosconi,11,Si,Óptimo,,-45.835831,-67.478444,,
608,Nicolás Rodríguez Peña,Avenida Tehuelches,General Enrique Mosconi,11,Si,Mejorar,,-45.834197,-67.477721,,
609,Avenida Langara,Francisco de Viedma,General Enrique Mosconi,11,Si,Óptimo,Garita de colectivos,-45.834114,-67.47876,,
610,Avenida Tehuelches,Francisco de Viedma,General Enrique Mosconi,11,Si,Óptimo,Boulevard,-45.835792,-67.478392,,
611,Avenida Tehuelches,Francisco de Viedma,General Enrique Mosconi,11,Si,Óptimo,,-45.835866,-67.478375,,
612,Avenida Petrolero San Lorenzo,Francisco de Viedma,General Enrique Mosconi,11,Si,Óptimo,,-45.836845,-67.478607,,
613,Avenida Petrolero San Lorenzo,Francisco de Viedma,General Enrique Mosconi,11,Si,Óptimo,,-45.836766,-67.478622,,
614,Avenida Tehuelches,Nicolás Rodríguez Peña,General Enrique Mosconi,11,Si,Mejorar,,-45.834124,-67.477757,,
615,Francisco de Viedma ,Petrolero San Lorenzo,General Enrique Mosconi,11,Si,Óptimo,,-45.836938,-67.478496,,
616,Avenida Tehuelches,Petroleros San Lorenzo,General Enrique Mosconi,11,Si,Óptimo,,-45.836707,-67.478504,,
617,Roberto Fontanarrosa,Avenida José Ingenieros,Presidente Roberto M. Ortiz,12,Si,Mejorar,,-45.813933,-67.456375,,
618,Roberto Fontanarrosa,Avenida José Ingenieros,Presidente Roberto M. Ortiz,12,Si,Mejorar,,-45.814021,-67.456394,,
619,Segurola,Avenida José Ingenieros,Presidente Roberto M. Ortiz,12,Si,Mejorar,,-45.815788,-67.456897,,
620,Segurola,Avenida José Ingenieros,Presidente Roberto M. Ortiz,12,Si,Mejorar,,-45.815854,-67.456896,,
621,Álvarez Jonte,Avenida José Ingenieros,Presidente Roberto M. Ortiz,12,Si,Mejorar,,-45.815233,-67.456809,,
622,Álvarez Jonte,Avenida José Ingenieros,Presidente Roberto M. Ortiz,12,Si,Mejorar,,-45.81532,-67.456807,,
623,Lope de Vega,Avenida José Ingenieros,Presidente Roberto M. Ortiz,12,Si,Óptimo,,-45.813446,-67.455788,,
624,Avenida José Ingenieros,Avenida Ricardo Gutierrez,Presidente Roberto M. Ortiz,12,Si,Mejorar,,-45.8190273,-67.4567903,,
625,Avenida José Ingenieros,Jorge Omar Rain,Presidente Roberto M. Ortiz,12,Si,Mejorar,,-45.817116,-67.457183,,
626,Avenida José Ingenieros,Jorge Omar Rain,Presidente Roberto M. Ortiz,12,Si,Mejorar,,-45.817168,-67.457315,,
627,Avenida José Ingenieros,Roberto Fontanarrosa,Presidente Roberto M. Ortiz,12,Si,Mejorar,,-45.813893,-67.456278,,
628,Avenida José Ingenieros,Roberto Fontanarrosa,Presidente Roberto M. Ortiz,12,Si,Mejorar,,-45.814109,-67.456317,,
629,Avenida José Ingenieros,Segurola,Presidente Roberto M. Ortiz,12,Si,Mejorar,,-45.815904,-67.456813,,
630,25 de Mayo,2 de Abril,Centro Cívico General Solari,16,Si,Óptimo,Pintado,-45.8649353,-67.4816285,,
631,25 de Mayo,2 de Abril,Centro Cívico General Solari,16,Si,Óptimo,Pintado,-45.8649456,-67.4813898,,
632,2 de Abril,25 de Mayo,Centro Cívico General Solari,16,Si,Óptimo,Pintado,-45.8649111,-67.481316,,
633,2 de Abril,25 de Mayo,Centro Cívico General Solari,16,Si,Óptimo,Pintado,-45.8647757,-67.4813106,,
634,Enrique Ingeniero Ducos,25 de Mayo,Centro Cívico General Solari,16,Si,Óptimo,,-45.8667255,-67.4813458,,
635,Profesora Francina Girárdez,25 de Mayo,Centro Cívico General Solari,16,Si,Óptimo,Pintado,-45.8655796,-67.4816646,,
636,Bartolomé Mitre,Angel Santiago Perfumo,Centro Cívico General Solari,16,Si,Óptimo,Pintado,-45.866349,-67.4831191,,
637,Bartolomé Mitre,Angel Santiago Perfumo,Centro Cívico General Solari,16,Si,Óptimo,Pintado,-45.8663397,-67.4829313,,
638,Bartolomé Mitre,Angel Santiago Perfumo,Centro Cívico General Solari,16,Si,Óptimo,Pintado,-45.8661379,-67.4831177,,
639,Bartolomé Mitre,Angel Santiago Perfumo,Centro Cívico General Solari,16,Si,Óptimo,Pintado,-45.8661341,-67.4829339,,
640,Manuel Belgrano,Angel Santiago Perfumo,Centro Cívico General Solari,16,Si,Óptimo,Pintado,-45.8663272,-67.484402,,
641,Manuel Belgrano,Angel Santiago Perfumo,Centro Cívico General Solari,16,Si,Óptimo,Pintado,-45.8663319,-67.4842091,,
642,Avenida Hipólito Yrigoyen,Ani Garré,Centro Cívico General Solari,16,Si,Óptimo,Pintado,-45.8687223,-67.4889948,,
643,Bahía Bustamante,Ani Garré,Centro Cívico General Solari,16,Si,Óptimo,Pintado,-45.8689371,-67.4864766,,
644,Roque Saenz Peña,Avenida Hipólito Yrigoyen,Centro Cívico General Solari,16,Si,Mejorar,,-45.8674891,-67.4871888,,
645,Roque Saenz Peña,Avenida Hipólito Yrigoyen,Centro Cívico General Solari,16,Si,Óptimo,,-45.867572,-67.4873276,,
646,Ani Grané,Avenida Hipólito Yrigoyen,Centro Cívico General Solari,16,Si,Óptimo,,-45.8689808,-67.4891759,,
647,Ani Grané,Avenida Hipólito Yrigoyen,Centro Cívico General Solari,16,Si,Óptimo,Pintado,-45.8688644,-67.4889322,,
648,Bartolomé Mitre,Avenida Hipólito Yrigoyen,Centro Cívico General Solari,16,Si,Óptimo,Pintado,-45.8654886,-67.4831785,,
649,Bartolomé Mitre,Avenida Hipólito Yrigoyen,Centro Cívico General Solari,16,Si,Óptimo,Pintado,-45.86562,-67.4831339,,
650,Juan García Fernández,Bahía Bustamante,Centro Cívico General Solari,16,Si,Óptimo,Pintado,-45.8700027,-67.4889099,,
651,Juan García Fernández,Bahía Bustamante,Centro Cívico General Solari,16,Si,Mejorar,,-45.8700735,-67.4885452,,
652,Ani Grané,Bahía Bustamante,Centro Cívico General Solari,16,Si,Óptimo,Pintado,-45.8689134,-67.486497,,
653,Grecia,Bartolomé Mitre,Centro Cívico General Solari,16,Si,Óptimo,Pintado,-45.8668299,-67.4831585,,
654,Profesora Francina Girárdez,Bartolomé Mitre,Centro Cívico General Solari,16,Si,Óptimo,Pintado,-45.8656855,-67.4828503,,
655,Profesora Francina Girárdez,Bartolomé Mitre,Centro Cívico General Solari,16,Si,Óptimo,Pintado,-45.8655729,-67.482853,,
656,Ángel Santiago Perfumo,Bartolomé Mitre,Centro Cívico General Solari,16,Si,Óptimo,Pintado,-45.8663041,-67.4831553,,
657,Ángel Santiago Perfumo,Bartolomé Mitre,Centro Cívico General Solari,16,Si,Óptimo,Pintado,-45.8662108,-67.4831324,,
658,Avenida Hipólito Yrigoyen,Bartolomé Mitre,Centro Cívico General Solari,16,Si,Óptimo,Pintado,-45.865287,-67.4828086,,
659,2 de Abril,Carlos Pellegrini,Centro Cívico General Solari,16,Si,Óptimo,Pintado,-45.8647778,-67.4801052,,
660,2 de Abril,Carlos Pellegrini,Centro Cívico General Solari,16,Si,Óptimo,Pintado,-45.8649448,-67.4801037,,
661,Ani Grané,Clara Mizrahi,Centro Cívico General Solari,16,Si,Óptimo,Pintado,-45.8689425,-67.487081,,
662,Juan García Fernández,Clara Mizrahi,Centro Cívico General Solari,16,Si,Óptimo,Pintado,-45.8694924,-67.4895813,,
663,Grecia,Croacia,Centro Cívico General Solari,16,Si,Óptimo,Pintado,-45.866891,-67.4857366,,
664,Grecia,Croacia,Centro Cívico General Solari,16,Si,Óptimo,Pintado,-45.8669664,-67.4854111,,
665,Grecia,Croacia,Centro Cívico General Solari,16,Si,Óptimo,Pintado,-45.8667897,-67.4856762,,
666,Grecia,Croacia,Centro Cívico General Solari,16,Si,Óptimo,Pintado,-45.8668471,-67.4854039,,
667,Roque Saenz Peña,Croacia,Centro Cívico General Solari,16,Si,Óptimo,Pintado,-45.8680055,-67.4854877,,
668,Roque Saenz Peña,Croacia,Centro Cívico General Solari,16,Si,Óptimo,Pintado,-45.8681137,-67.4854807,,
669,Ani Grané,Democracia,Centro Cívico General Solari,16,Si,Óptimo,,-45.8688286,-67.486505,,
670,Roque Saenz Peña,Democracia,Centro Cívico General Solari,16,Si,Óptimo,,-45.868126,-67.4861897,,
671,Bartolomé Mitre,Enrique Ingeniero Ducos,Centro Cívico General Solari,16,Si,Óptimo,Pintado,-45.8675205,-67.4831139,,
672,Bartolomé Mitre,Enrique Ingeniero Ducos,Centro Cívico General Solari,16,Si,Óptimo,Pintado,-45.8674144,-67.4829248,,
673,Manuel Belgrano,Enrique Ingeniero Ducos,Centro Cívico General Solari,16,Si,Óptimo,Pintado,-45.8679647,-67.4842191,,
674,Manuel Belgrano,Gracia,Centro Cívico General Solari,16,Si,Óptimo,Pintado,-45.8667467,-67.4842031,,
675,Bartolomé Mitre,Grecia,Centro Cívico General Solari,16,Si,Óptimo,Pintado,-45.8669942,-67.4831102,,
676,Bartolomé Mitre,Grecia,Centro Cívico General Solari,16,Si,Óptimo,Pintado,-45.8669596,-67.4831544,,
677,Bartolomé Mitre,Grecia,Centro Cívico General Solari,16,Si,Óptimo,Pintado,-45.8669867,-67.4829399,,
678,Bartolomé Mitre,Grecia,Centro Cívico General Solari,16,Si,Óptimo,Pintado,-45.8667991,-67.4831123,,
679,Bartolomé Mitre,Grecia,Centro Cívico General Solari,16,Si,Óptimo,Pintado,-45.8667972,-67.4829393,,
680,Croacia,Grecia,Centro Cívico General Solari,16,Si,Óptimo,Pintado,-45.8669697,-67.4857143,,
681,Croacia,Grecia,Centro Cívico General Solari,16,Si,Óptimo,Pintado,-45.8669939,-67.4855117,,
682,Manuel Belgrano,Grecia,Centro Cívico General Solari,16,Si,Óptimo,Pintado,-45.8669597,-67.4844791,,
683,Manuel Belgrano,Grecia,Centro Cívico General Solari,16,Si,Óptimo,Pintado,-45.8670097,-67.4844209,,
684,Manuel Belgrano,Grecia,Centro Cívico General Solari,16,Si,Óptimo,Pintado,-45.8669215,-67.4841504,,
685,Manuel Belgrano,Grecia,Centro Cívico General Solari,16,Si,Óptimo,Pintado,-45.8667431,-67.4844093,,
686,Manuel Belgrano,Grecia,Centro Cívico General Solari,16,Si,Óptimo,Pintado,-45.8669716,-67.4844284,,
687,Bartolomé Mitre,Hipólito Bouchard,Centro Cívico General Solari,16,Si,Óptimo,,-45.8654112,-67.4829205,,
688,Carlos Pellegrini,Hipólito Bouchard,Centro Cívico General Solari,16,Si,Mejorar,,-45.8644864,-67.4801013,,
689,Bahía Bustamante,Juan Garcia Fernandez,Centro Cívico General Solari,16,Si,Mejorar,Pintado,-45.8700663,-67.4889254,,
690,Avenida Hipólito Yrigoyen,Manuel Belgrano,Centro Cívico General Solari,16,Si,Óptimo,Pintado,-45.8660579,-67.4845502,,
691,Ángel Santiago Perfumo,Manuel Belgrano,Centro Cívico General Solari,16,Si,Óptimo,Pintado,-45.8662903,-67.4842106,,
692,Ángel Santiago Perfumo,Manuel Belgrano,Centro Cívico General Solari,16,Si,Óptimo,Pintado,-45.8662781,-67.4841274,,
693,Avenida Hipólito Yrigoyen,Manuel Belgrano,Centro Cívico General Solari,16,Si,Óptimo,,-45.8659142,-67.4842076,,
694,Grecia,Manuel Belgrano,Centro Cívico General Solari,16,Si,Óptimo,Pintado,-45.8668335,-67.4841992,,
695,Grecia,Manuel Belgrano,Centro Cívico General Solari,16,Si,Óptimo,,-45.8668627,-67.4841534,,
696,Grecia,Manuel Belgrano,Centro Cívico General Solari,16,Si,Óptimo,Pintado,-45.8669729,-67.4841942,,
697,Grecia,Manuel Belgrano,Centro Cívico General Solari,16,Si,Óptimo,Pintado,-45.866938,-67.4841873,,
698,Grecia,Manuel Belgrano,Centro Cívico General Solari,16,Si,Óptimo,Pintado,-45.8668396,-67.4844685,,
699,Avenida Hipólito Yrigoyen,Manuel Belgrano,Centro Cívico General Solari,16,Si,Óptimo,Pintado,-45.8660328,-67.4844898,,
700,Roque Saenz Peña,Manuel Belgrano,Centro Cívico General Solari,16,Si,Óptimo,Pintado,-45.8681281,-67.4845859,,
701,Roque Saenz Peña,Manuel Belgrano,Centro Cívico General Solari,16,Si,Óptimo,Pintado,-45.8679972,-67.4844557,,
702,25 de Mayo,Profesora Francina Girardez,Centro Cívico General Solari,16,Si,Óptimo,Pintado,-45.8656795,-67.4816633,,
703,25 de Mayo,Profesora Francina Girardez,Centro Cívico General Solari,16,Si,Óptimo,Pintado,-45.865687,-67.4815802,,
704,25 de Mayo,Profesora Francina Girardez,Centro Cívico General Solari,16,Si,Óptimo,Pintado,-45.8656748,-67.4813964,,
705,25 de Mayo,Profesora Francina Girardez,Centro Cívico General Solari,16,Si,Óptimo,Pintado,-45.8654768,-67.4814004,,
706,25 de Mayo,Profesora Francina Girardez,Centro Cívico General Solari,16,Si,Óptimo,Pintado,-45.8654787,-67.4815788,,
707,Bartolomé Mitre,Profesora Francina Girardez,Centro Cívico General Solari,16,Si,Óptimo,Pintado,-45.8657402,-67.4831244,,
708,Bartolomé Mitre,Profesora Francina Girardez,Centro Cívico General Solari,16,Si,Óptimo,Pintado,-45.8657543,-67.4829262,,
709,Croacia,Roque Saenz Peña,Centro Cívico General Solari,16,Si,Óptimo,Pintado,-45.8680113,-67.4857774,,
710,Croacia,Roque Saenz Peña,Centro Cívico General Solari,16,Si,Óptimo,Pintado,-45.8679776,-67.4857187,,
711,Croacia,Roque Saenz Peña,Centro Cívico General Solari,16,Si,Óptimo,Pintado,-45.8679779,-67.485526,,
712,Democracia,Roque Saenz Peña,Centro Cívico General Solari,16,Si,Óptimo,,-45.8681328,-67.4865053,,
713,Democracia,Roque Saenz Peña,Centro Cívico General Solari,16,Si,Óptimo,,-45.868021,-67.4864104,,
714,Avenida Hipólito Yrigoyen,Roque Saenz Peña,Centro Cívico General Solari,16,Si,Óptimo,,-45.8675912,-67.4874115,,
715,Manuel Belgrano,Roque Saenz Peña,Centro Cívico General Solari,16,Si,Óptimo,Pintado,-45.8679614,-67.4844063,,
716,Enrique Ingeniero Ducos,,Centro Cívico General Solari,16,Si,Óptimo,Pintado,-45.8693325,-67.4861419,,
717,Juan García Fernández,,Centro Cívico General Solari,16,Si,Óptimo,Pintado,-45.8698151,-67.4891039,,
718,Bahía Bustamante,,Centro Cívico General Solari,16,Si,Óptimo,Pintado,-45.8705227,-67.4896675,,
719,Bartolomé Mitre,,Centro Cívico General Solari,16,Si,Óptimo,Pintado,-45.8659329,-67.482931,,
720,Clara Mizrahi,,Centro Cívico General Solari,16,Si,Óptimo,Pintado,-45.8703912,-67.4910192,,
721,Clara Mizrahi,,Centro Cívico General Solari,16,Si,Óptimo,Pintado,-45.8701766,-67.4906908,,
722,Clara Mizrahi,,Centro Cívico General Solari,16,Si,Óptimo,Pintado,-45.8699274,-67.490325,,
723,Democracia,,Centro Cívico General Solari,16,Si,Óptimo,,-45.8685637,-67.4864478,,
724,Enrique Ingeniero Ducos,,Centro Cívico General Solari,16,Si,Óptimo,,-45.8694149,-67.4861291,,
725,25 de Mayo,Avenida Enrique Ingeniero Ducos,Centro Cívico General Solari,16,Si,Óptimo,Pintado,-45.8668226,-67.4815818,,
726,Bartolomé Mitre,Avenida Hipólito Yrigoyen,Centro Cívico General Solari,16,Si,Óptimo,Pintado,-45.8655223,-67.4831504,,
727,Grecia,Avenida Hipólito Yrigoyen,Centro Cívico General Solari,16,Si,Mejorar,,-45.8668081,-67.4861329,,
728,Grecia,Avenida Hipólito Yrigoyen,Centro Cívico General Solari,16,Si,Mejorar,,-45.8666863,-67.4859405,,
729,Manuel Belgrano,Avenida Hipólito Yrigoyen,Centro Cívico General Solari,16,Si,Óptimo,Pintado,-45.8659665,-67.4842112,,
730,Manuel Belgrano,Avenida Hipólito Yrigoyen,Centro Cívico General Solari,16,Si,Óptimo,Pintado,-45.8660467,-67.4844175,,
731,Dr. Francisco Tejo,Avenida John Fitzgerald Kennedy,Pueyrredón,17,Si,Óptimo,,-45.876865,-67.533137,,
732,San Francisco de Asís,Avenida John Fitzgerald Kennedy,Pueyrredón,17,Si,Mejorar,,-45.869192,-67.523179,,
733,Avenida Callao,Avenida John Fitzgerald Kennedy,Pueyrredón,17,Si,Mejorar,,-45.879149,-67.536129,,
734,Avenida Libertad,Avenida John Fitzgerald Kennedy,Pueyrredón,17,Si,Óptimo,,-45.877746,-67.534253,,
735,Clarín,Avenida John Fitzgerald Kennedy,Pueyrredón,17,Si,Mejorar,,-45.86962,-67.523703,,
736,Clarín,Avenida John Fitzgerald Kennedy,Pueyrredón,17,Si,Mejorar,,-45.869562,-67.523625,,
737,Dr. Andino Cayelli,Avenida John Fitzgerald Kennedy,Pueyrredón,17,Si,Mejorar,,-45.874854,-67.53055,,
738,Dr. Andino Cayelli,Avenida John Fitzgerald Kennedy,Pueyrredón,17,Si,Mejorar,,-45.874799,-67.530466,,
739,Dr. Francisco Tejo,Avenida John Fitzgerald Kennedy,Pueyrredón,17,Si,Óptimo,,-45.876958,-67.533285,,
740,Dr. Oscar Arturo Herrera,Avenida John Fitzgerald Kennedy,Pueyrredón,17,Si,Óptimo,Hotel Luque,-45.87841,-67.535181,,
741,Francisco José Behr,Avenida John Fitzgerald Kennedy,Pueyrredón,17,Si,Mejorar,,-45.873807,-67.529127,,
742,Francisco José Behr,Avenida John Fitzgerald Kennedy,Pueyrredón,17,Si,Mejorar,,-45.87388,-67.529213,,
743,Gabriel Barceló,Avenida John Fitzgerald Kennedy,Pueyrredón,17,Si,Mejorar,,-45.881394,-67.539027,,
744,Gobernador Jorge J. Galina,Avenida John Fitzgerald Kennedy,Pueyrredón,17,Si,Mejorar,,-45.874295,-67.529823,,
745,Gobernador Jorge J. Galina,Avenida John Fitzgerald Kennedy,Pueyrredón,17,Si,Mejorar,,-45.874345,-67.529908,,
746,José Valentín de Coronel Olavarría,Avenida John Fitzgerald Kennedy,Pueyrredón,17,Si,Óptimo,,-45.875291,-67.531112,,
747,José Valentín de Coronel Olavarría,Avenida John Fitzgerald Kennedy,Pueyrredón,17,Si,Óptimo,,-45.875376,-67.53118,,
748,La Prensa,Avenida John Fitzgerald Kennedy,Pueyrredón,17,Si,Mejorar,,-45.873284,-67.528492,,
749,La Prensa,Avenida John Fitzgerald Kennedy,Pueyrredón,17,Si,Mejorar,,-45.873351,-67.528573,,
750,La Razón,Avenida John Fitzgerald Kennedy,Pueyrredón,17,Si,Óptimo,Colegio,-45.882065,-67.539842,,
751,Avenida John Fitzgerald Kennedy,Avenida Julio Argentino Roca,Pueyrredón,17,Si,Mejorar,,-45.875984,-67.532125,,
752,Avenida John Fitzgerald Kennedy,Avenida Polonia,Pueyrredón,17,Si,Mejorar,,-45.872883,-67.528077,,
753,Avenida John Fitzgerald Kennedy,Cerro Chenque,Pueyrredón,17,Si,Mejorar,,-45.87041,-67.524862,,
754,Francisco Calatrava,Avenida Alejandro Maíz,Don Bosco,24,Si,Mejorar,,-45.798375,-67.422862,,
755,Francisco Calatrava,Avenida Alejandro Maíz,Don Bosco,24,Si,Mejorar,,-45.798317,-67.422835,,
756,General Fernando Carles,Avenida Alejandro Maíz,Don Bosco,24,Si,Óptimo,,-45.796187,-67.422787,,
757,General Fernando Carles,Avenida Alejandro Maíz,Don Bosco,24,Si,Óptimo,,-45.796127,-67.422878,,
758,Ítallo Dell'Oro,Avenida Alejandro Maíz,Don Bosco,24,Si,Mejorar,,-45.798714,-67.423125,,
759,Avenida Alejandro Maíz,General Fernando Carles,Don Bosco,24,Si,Óptimo,,-45.796185,-67.422648,,
760,Raúl Scalabrini Ortíz,Avenida John Fitzgerald Kennedy,Juan XXIII,30,Si,Mejorar,,-45.880097,-67.53817,,
761,Raúl Scalabrini Ortíz,Avenida John Fitzgerald Kennedy,Juan XXIII,30,Si,Mejorar,,-45.880181,-67.538254,,
762,Avenida Patricios,Avenida John Fitzgerald Kennedy,Juan XXIII,30,Si,Mejorar,,-45.879025,-67.536669,,
763,Avenida Patricios,Avenida John Fitzgerald Kennedy,Juan XXIII,30,Si,Mejorar,,-45.879169,-67.536934,,
764,Avenida Polonia,Avenida John Fitzgerald Kennedy,Juan XXIII,30,Si,Mejorar,,-45.872622,-67.528332,,
765,Dr. Andino Cayelli,Avenida John Fitzgerald Kennedy,Juan XXIII,30,Si,Mejorar,,-45.874527,-67.53085,,
766,Dr. Andino Cayelli,Avenida John Fitzgerald Kennedy,Juan XXIII,30,Si,Mejorar,,-45.874609,-67.530954,,
767,Francisco José Behr,Avenida John Fitzgerald Kennedy,Juan XXIII,30,Si,Mejorar,,-45.87356,-67.529541,,
768,Gobernador Jorge J. Galina,Avenida John Fitzgerald Kennedy,Juan XXIII,30,Si,Mejorar,,-45.87403,-67.530203,,
769,Gobernador Jorge J. Galina,Avenida John Fitzgerald Kennedy,Juan XXIII,30,Si,Mejorar,,-45.874104,-67.530274,,
770,José Valentín de Coronel Olavarría,Avenida John Fitzgerald Kennedy,Juan XXIII,30,Si,Mejorar,,-45.87505,-67.531514,,
771,José Valentín de Coronel Olavarría,Avenida John Fitzgerald Kennedy,Juan XXIII,30,Si,Mejorar,,-45.875111,-67.531574,,
772,Juana Azurduy,Avenida John Fitzgerald Kennedy,Juan XXIII,30,Si,Mejorar,,-45.881207,-67.539589,,
773,Juana Azurduy,Avenida John Fitzgerald Kennedy,Juan XXIII,30,Si,Mejorar,,-45.881137,-67.539514,,
774,Mariano Rodríguez,Avenida John Fitzgerald Kennedy,Juan XXIII,30,Si,Mejorar,,-45.882151,-67.540881,,
775,Mariano Rodríguez,Avenida John Fitzgerald Kennedy,Juan XXIII,30,Si,Mejorar,,-45.882216,-67.54096,,
776,Avenida John Fitzgerald Kennedy,Avenida Patricios,Juan XXIII,30,Si,Mejorar,,-45.879025,-67.536535,,
777,Avenida John Fitzgerald Kennedy,Avenida Patricios,Juan XXIII,30,Si,Mejorar,,-45.879265,-67.536908,,
778,Avenida John Fitzgerald Kennedy,Mariano Rodriguez,Juan XXIII,30,Si,Mejorar,,-45.882155,-67.540677,,
779,San Francisco de Asís,Avenida John Fitzgerald Kennedy,San Isidro Labrador,36,Si,Mejorar,,-45.868912,-67.523412,,
780,Santa Clara,Avenida John Fitzgerald Kennedy,San Isidro Labrador,36,Si,Mejorar,,-45.868098,-67.522407,,
781,Santa Clara,Avenida John Fitzgerald Kennedy,San Isidro Labrador,36,Si,Mejorar,,-45.868184,-67.5225,,
782,Angel Velaz,Avenida John Fitzgerald Kennedy,San Isidro Labrador,36,Si,Mejorar,,-45.868462,-67.52284,,
783,Avenida Estados Unidos,Avenida John Fitzgerald Kennedy,San Isidro Labrador,36,Si,Mejorar,,-45.867816,-67.522007,,
784,Cerro Chenque,Avenida John Fitzgerald Kennedy,San Isidro Labrador,36,Si,Mejorar,,-45.870103,-67.525015,,
785,Cerro Chenque,Avenida John Fitzgerald Kennedy,San Isidro Labrador,36,Si,Mejorar,,-45.87018,-67.525099,,
786,Crónica,Avenida John Fitzgerald Kennedy,San Isidro Labrador,36,Si,Óptimo,,-45.872115,-67.527649,,
787,Dr. Federicci,Avenida John Fitzgerald Kennedy,San Isidro Labrador,36,Si,Mejorar,,-45.8694,-67.524102,,
788,El Patagónico,Avenida John Fitzgerald Kennedy,San Isidro Labrador,36,Si,Mejorar,,-45.87126,-67.526532,,
789,Avenida John Fitzgerald Kennedy,Avenida Polonia,San Isidro Labrador,36,Si,Mejorar,,-45.8725,-67.527977,,
ramp_0001,Avenida Bernardino Rivadavia,25 de Mayo,Centro,1,Si,Mejorar,,-45.86207,-67.481699,,a mejorar en el centro
ramp_0002,Avenida Bernardino Rivadavia,25 de Mayo,Centro,1,Si,Mejorar,,-45.862061,-67.481318,,162
ramp_0003,Avenida Bernardino Rivadavia,25 de Mayo,Centro,1,Si,Óptimo,,-45.862192,-67.481318,,
ramp_0004,Avenida Bernardino Rivadavia,25 de Mayo,Centro,1,Si,Óptimo,,-45.862197,-67.481713,,
ramp_0005,Base Almirante Brown,25 de Mayo,Centro,1,Si,Óptimo,,-45.863645,-67.481269,,
ramp_0006,Base Almirante Brown,25 de Mayo,Centro,1,Si,Mejorar,,-45.863762,-67.481283,,
ramp_0007,Base Almirante Brown,25 de Mayo,Centro,1,Si,Óptimo,Pintado,-45.8638311,-67.4816174,,
ramp_0008,José de San Martín,25 de Mayo,Centro,1,Si,Mejorar,,-45.860993,-67.481685,,
ramp_0009,José de San Martín,25 de Mayo,Centro,1,Si,Mejorar,,-45.86098,-67.481284,,
ramp_0010,José de San Martín,25 de Mayo,Centro,1,Si,Óptimo,,-45.861101,-67.481291,,
ramp_0011,José de San Martín,25 de Mayo,Centro,1,Si,Óptimo,,-45.861105,-67.481696,,
ramp_0012,Pasaje Gil Álvarez,25 de Mayo,Centro,1,Si,Mejorar,,-45.862847,-67.481318,,
ramp_0013,Avenida Bernardino Rivadavia,4 de Julio,Centro,1,Si,Mejorar,,-45.862076,-67.478627,,
ramp_0014,Avenida Bernardino Rivadavia,4 de Julio,Centro,1,Si,Mejorar,Obra,-45.862077,-67.478209,,
ramp_0015,Avenida Bernardino Rivadavia,4 de Julio,Centro,1,Si,Óptimo,,-45.8622,-67.478179,,
ramp_0016,Avenida Bernardino Rivadavia,4 de Julio,Centro,1,Si,Óptimo,,-45.862201,-67.478629,,
ramp_0017,Base Almirante Brown,4 de Julio,Centro,1,Si,Mejorar,,-45.8632789,-67.4787453,,
ramp_0018,José de San Martín,4 de Julio,Centro,1,Si,Mejorar,,-45.860989,-67.478607,,
ramp_0019,José de San Martín,4 de Julio,Centro,1,Si,Mejorar,,-45.860978,-67.478225,,
ramp_0020,José de San Martín,4 de Julio,Centro,1,Si,Mejorar,Obra,-45.861123,-67.478209,,
ramp_0021,José de San Martín,4 de Julio,Centro,1,Si,Mejorar,Obra,-45.8611729,-67.4784775,,
ramp_0022,Rufino Riera,4 de Julio,Centro,1,Si,Óptimo,,-45.863233,-67.478302,,
ramp_0023,25 de Mayo,Almirante Brown,Centro,1,Si,Óptimo,Pintado,-45.8637621,-67.4815853,,
ramp_0024,Bartolomé Mitre,Almirante Brown,Centro,1,Si,Óptimo,Pintado,-45.8645289,-67.483192,,
ramp_0025,Carlos Pellegrini,Almirante Brown,Centro,1,Si,Óptimo,,-45.8635999,-67.4800704,,
ramp_0026,Carlos Pellegrini,Almirante Brown,Centro,1,Si,Óptimo,,-45.8635928,-67.4798403,,
ramp_0027,Carlos Pellegrini,Almirante Brown,Centro,1,Si,Mejorar,,-45.8638139,-67.4798471,,
ramp_0028,Carlos M. de Alvear,Aristóbulo del Valle,Centro,1,Si,Óptimo,,-45.870094,-67.4971949,,
ramp_0029,Cornelio de Saavedra,Aristóbulo del Valle,Centro,1,Si,Óptimo,,-45.8698775,-67.4958554,,
ramp_0030,Leandro N. Alem,Aristóbulo del Valle,Centro,1,Si,Mejorar,,-45.870107,-67.498745,,
ramp_0031,Viamonte,Aristóbulo del Valle,Centro,1,Si,Óptimo,Pintado,-45.8700672,-67.5002968,,
ramp_0032,25 de Mayo,Avenida Bernardino Rivadavia,Centro,1,Si,Óptimo,,-45.862003,-67.481591,,
ramp_0033,25 de Mayo,Avenida Bernardino Rivadavia,Centro,1,Si,Mejorar,,-45.862011,-67.481403,,
ramp_0034,25 de Mayo,Avenida Bernardino Rivadavia,Centro,1,Si,Óptimo,,-45.862266,-67.481411,,
ramp_0035,25 de Mayo,Avenida Bernardino Rivadavia,Centro,1,Si,Óptimo,,-45.86227,-67.481601,,
ramp_0036,Italia,Avenida Bernardino Rivadavia,Centro,1,Si,Óptimo,,-45.862526,-67.4875612,,
ramp_0037,Italia,Avenida Bernardino Rivadavia,Centro,1,Si,Óptimo,,-45.8623597,-67.4875611,,
ramp_0038,Italia,Avenida Bernardino Rivadavia,Centro,1,Si,Óptimo,,-45.8623546,-67.4890928,,
ramp_0039,Italia,Avenida Bernardino Rivadavia,Centro,1,Si,Óptimo,,-45.8622609,-67.4890985,,
ramp_0040,Italia,Avenida Bernardino Rivadavia,Centro,1,Si,Óptimo,,-45.8620545,-67.4890804,,
ramp_0041,Italia,Avenida Bernardino Rivadavia,Centro,1,Si,Óptimo,,-45.8622601,-67.4893166,,
ramp_0042,Italia,Avenida Bernardino Rivadavia,Centro,1,Si,Óptimo,,-45.8623437,-67.4893174,,
ramp_0043,Italia,Avenida Bernardino Rivadavia,Centro,1,Si,Óptimo,,-45.8620657,-67.4877828,,
ramp_0044,Italia,Avenida Bernardino Rivadavia,Centro,1,Si,Óptimo,,-45.862261,-67.487778,,
ramp_0045,Italia,Avenida Bernardino Rivadavia,Centro,1,Si,Óptimo,,-45.8623628,-67.4877717,,
ramp_0046,Juan Martín de Güemes,Avenida Bernardino Rivadavia,Centro,1,Si,Óptimo,Policia,-45.86198,-67.475402,,
ramp_0047,Juan Martín de Güemes,Avenida Bernardino Rivadavia,Centro,1,Si,Óptimo,,-45.862245,-67.47538,,
ramp_0048,Juan Martín de Güemes,Avenida Bernardino Rivadavia,Centro,1,Si,Mejorar,,-45.861996,-67.47518,,
ramp_0049,Justo José de Urquiza,Avenida Bernardino Rivadavia,Centro,1,Si,Óptimo,,-45.8623294,-67.4921635,,
ramp_0050,Justo José de Urquiza,Avenida Bernardino Rivadavia,Centro,1,Si,Óptimo,,-45.8620731,-67.4921364,,
ramp_0051,Justo José de Urquiza,Avenida Bernardino Rivadavia,Centro,1,Si,Óptimo,,-45.8622541,-67.4921669,,
ramp_0052,Manuel Belgrano,Avenida Bernardino Rivadavia,Centro,1,Si,Óptimo,Parada de Taxis,-45.8620505,-67.4846757,,
ramp_0053,Manuel Belgrano,Avenida Bernardino Rivadavia,Centro,1,Si,Óptimo,,-45.862044,-67.4844585,,
ramp_0054,Manuel Belgrano,Avenida Bernardino Rivadavia,Centro,1,Si,Óptimo,,-45.8622603,-67.4844778,,
ramp_0055,Manuel Belgrano,Avenida Bernardino Rivadavia,Centro,1,Si,Óptimo,,-45.862261,-67.4846971,,
ramp_0056,Mariano Moreno,Avenida Bernardino Rivadavia,Centro,1,Si,Mejorar,,-45.862066,-67.4769587,,
ramp_0057,Mariano Moreno,Avenida Bernardino Rivadavia,Centro,1,Si,Mejorar,,-45.86204,-67.476732,,
ramp_0058,Mariano Moreno,Avenida Bernardino Rivadavia,Centro,1,Si,Óptimo,Con altura,-45.8622975,-67.4767287,,
ramp_0059,Mariano Moreno,Avenida Bernardino Rivadavia,Centro,1,Si,Mejorar,,-45.8623023,-67.4769562,,
ramp_0060,Viamonte,Avenida Bernardino Rivadavia,Centro,1,Si,Mejorar,,-45.862304,-67.500275,,
ramp_0061,Chacabuco,Avenida Bernardino Rivadavia,Centro,1,Si,Óptimo,Pintado,-45.8622207,-67.4908606,,
ramp_0062,Chacabuco,Avenida Bernardino Rivadavia,Centro,1,Si,Óptimo,Pintado,-45.8623586,-67.4908677,,
ramp_0063,Chacabuco,Avenida Bernardino Rivadavia,Centro,1,Si,Óptimo,,-45.8625034,-67.4908441,,
ramp_0064,España,Avenida Bernardino Rivadavia,Centro,1,Si,Óptimo,,-45.8622277,-67.4862511,,
ramp_0065,9 de Julio,Avenida Bernardino Rivadavia,Centro,1,Si,Óptimo ,,-45.862026,-67.478505,,
ramp_0066,9 de Julio,Avenida Bernardino Rivadavia,Centro,1,Si,Óptimo ,,-45.862021,-67.478309,,
ramp_0067,Avenida Valentín Alsina,Avenida Bernardino Rivadavia,Centro,1,Si,Mejorar,Boulevard,-45.862276,-67.494273,,
ramp_0068,Avenida Valentín Alsina,Avenida Bernardino Rivadavia,Centro,1,Si,Óptimo,,-45.8622322,-67.4937353,,
ramp_0069,Avenida Valentín Alsina,Avenida Bernardino Rivadavia,Centro,1,Si,Mejorar,Boulevard,-45.8622272,-67.4938694,,
ramp_0070,Avenida Valentín Alsina,Avenida Bernardino Rivadavia,Centro,1,Si,Mejorar,Boulevard,-45.8622322,-67.4941264,,
ramp_0071,Avenida Valentín Alsina,Avenida Bernardino Rivadavia,Centro,1,Si,Mejorar,Boulevard,-45.8620333,-67.4938997,,
ramp_0072,Avenida Valentín Alsina,Avenida Bernardino Rivadavia,Centro,1,Si,Mejorar,,-45.8620351,-67.493739,,
ramp_0073,Bartolomé Mitre,Avenida Bernardino Rivadavia,Centro,1,Si,Mejorar,,-45.8620658,-67.4831376,,
ramp_0074,Bartolomé Mitre,Avenida Bernardino Rivadavia,Centro,1,Si,Mejorar,,-45.8620651,-67.4829135,,
ramp_0075,Bartolomé Mitre,Avenida Bernardino Rivadavia,Centro,1,Si,Mejorar,Parada Colectivos,-45.8622693,-67.4829313,,
ramp_0076,Bartolomé Mitre,Avenida Bernardino Rivadavia,Centro,1,Si,Óptimo,,-45.8622663,-67.4831231,,
ramp_0077,Carlos M. de Alvear,Avenida Bernardino Rivadavia,Centro,1,Si,Mejorar,Boulevard,-45.86227,-67.497191,,
ramp_0078,Carlos M. de Alvear,Avenida Bernardino Rivadavia,Centro,1,Si,Mejorar,,-45.862282,-67.497379,,
ramp_0079,Carlos Pellegrini,Avenida Bernardino Rivadavia,Centro,1,Si,Óptimo,,-45.862006,-67.480052,,
ramp_0080,Carlos Pellegrini,Avenida Bernardino Rivadavia,Centro,1,Si,Mejorar,,-45.862012,-67.47986,,
ramp_0081,Carlos Pellegrini,Avenida Bernardino Rivadavia,Centro,1,Si,Óptimo,,-45.862256,-67.479871,,
ramp_0082,Carlos Pellegrini,Avenida Bernardino Rivadavia,Centro,1,Si,Óptimo,,-45.862257,-67.480053,,
ramp_0083,España,Avenida Bernardino Rivadavia,Centro,1,Si,Mejorar,,-45.8620359,-67.4862261,,
ramp_0084,España,Avenida Bernardino Rivadavia,Centro,1,Si,Mejorar,,-45.8620408,-67.4860263,,
ramp_0085,España,Avenida Bernardino Rivadavia,Centro,1,Si,Mejorar,,-45.8622292,-67.4860008,,
ramp_0086,España,Avenida Bernardino Rivadavia,Centro,1,Si,Mejorar,,-45.8625221,-67.4859901,,
ramp_0087,España,Avenida Bernardino Rivadavia,Centro,1,Si,Óptimo,,-45.8623503,-67.4859965,,
ramp_0088,España,Avenida Bernardino Rivadavia,Centro,1,Si,Óptimo,,-45.862342,-67.48624,,
ramp_0089,España,Avenida Bernardino Rivadavia,Centro,1,Si,Mejorar,,-45.8625269,-67.4862212,,
ramp_0090,Mariano Moreno,Avenida Hipólito Yrigoyen,Centro,1,Si,Óptimo,Pintado,-45.8635436,-67.47675,,
ramp_0091,Mariano Moreno,Avenida Hipólito Yrigoyen,Centro,1,Si,Óptimo,,-45.8635581,-67.4769591,,
ramp_0092,Mariano Moreno,Avenida Hipólito Yrigoyen,Centro,1,Si,Óptimo,,-45.8635189,-67.4770007,,
ramp_0093,Cruce de los Andes,Avenida Hipólito Yrigoyen,Centro,1,Si,Óptimo,,-45.8700162,-67.4910521,,
ramp_0094,Avenida Bernardino Rivadavia,Avenida Valentín Alsina,Centro,1,Si,Mejorar,,-45.8623906,-67.4943586,,
ramp_0095,Avenida Bernardino Rivadavia,Avenida Valentín Alsina,Centro,1,Si,Mejorar,,-45.8624975,-67.4943533,,
ramp_0096,Avenida Bernardino Rivadavia,Avenida Valentín Alsina,Centro,1,Si,Mejorar,,-45.862476,-67.4936648,,
ramp_0097,Avenida Bernardino Rivadavia,Avenida Valentín Alsina,Centro,1,Si,Mejorar,,-45.8623811,-67.4936601,,
ramp_0098,Avenida Bernardino Rivadavia,Avenida Valentín Alsina,Centro,1,Si,Mejorar,,-45.8620778,-67.4936538,,
ramp_0099,Avenida Bernardino Rivadavia,Avenida Valentín Alsina,Centro,1,Si,Óptimo,,-45.8621798,-67.4936678,,
ramp_0100,José de San Martín,Avenida Valentín Alsina,Centro,1,Si,Óptimo,,-45.861154,-67.493622,,
ramp_0101,Maipú,Avenida Valentín Alsina,Centro,1,Si,Mejorar,,-45.8668301,-67.493642,,
ramp_0102,Domingo Faustino Sarmiento,Avenida Valentín Alsina,Centro,1,Si,Óptimo,,-45.8599152,-67.4939183,,
ramp_0103,Dalmacio Vélez Sarsfield,Avenida Valentín Alsina,Centro,1,Si,Mejorar,,-45.8678457,-67.4936603,,
ramp_0104,Dalmacio Vélez Sarsfield,Avenida Valentín Alsina,Centro,1,Si,Óptimo,Pintado,-45.8677478,-67.4936633,,
ramp_0105,Avenida Bernardino Rivadavia,Bartolomé Mitre,Centro,1,Si,Mejorar,,-45.8621054,-67.4831994,,
ramp_0106,Avenida Bernardino Rivadavia,Bartolomé Mitre,Centro,1,Si,Mejorar,,-45.862108,-67.4828438,,
ramp_0107,Avenida Bernardino Rivadavia,Bartolomé Mitre,Centro,1,Si,Mejorar,,-45.8622382,-67.482833,,
ramp_0108,Avenida Bernardino Rivadavia,Bartolomé Mitre,Centro,1,Si,Óptimo,,-45.8622272,-67.4831964,,
ramp_0109,Florentino Ameghino,Bartolomé Mitre,Centro,1,Si,Óptimo,,-45.8635552,-67.4831867,,
ramp_0110,Florentino Ameghino,Bartolomé Mitre,Centro,1,Si,Mejorar,,-45.863427,-67.4828728,,
ramp_0111,Florentino Ameghino,Bartolomé Mitre,Centro,1,Si,Mejorar,,-45.8635477,-67.4828596,,
ramp_0112,José de San Martín,Bartolomé Mitre,Centro,1,Si,Mejorar,,-45.8611249,-67.4828334,,
ramp_0113,José de San Martín,Bartolomé Mitre,Centro,1,Si,Óptimo,,-45.861117,-67.483238,,
ramp_0114,José de San Martín,Bartolomé Mitre,Centro,1,Si,Óptimo,,-45.860958,-67.48325,,
ramp_0115,José de San Martín,Bartolomé Mitre,Centro,1,Si,Mejorar,,-45.86099,-67.48284,,
ramp_0116,Base Almirante Brown,Bartolomé Mitre,Centro,1,Si,Óptimo,Pintado,-45.8644744,-67.4831289,,
ramp_0117,Avenida Bernardino Rivadavia,Carlos M. de Alvear,Centro,1,Si,Mejorar,,-45.862063,-67.49747,,
ramp_0118,Avenida Bernardino Rivadavia,Carlos M. de Alvear,Centro,1,Si,Óptimo,Boulevard,-45.862175,-67.497137,,
ramp_0119,Avenida Bernardino Rivadavia,Carlos M. de Alvear,Centro,1,Si,Mejorar,Bloudevar Dr. Hebe Corchuelo Blasco,-45.8621827,-67.4974767,,
ramp_0120,Dorrego,Carlos M. de Alvear,Centro,1,Si,Mejorar,,-45.8657267,-67.4971223,,
ramp_0121,Dorrego,Carlos M. de Alvear,Centro,1,Si,Mejorar,,-45.865588,-67.4971412,,
ramp_0122,Florentino Ameghino,Carlos M. de Alvear,Centro,1,Si,Óptimo,,-45.863586,-67.497075,,
ramp_0123,Hipólito Bouchard,Carlos M. de Alvear,Centro,1,Si,Mejorar,,-45.8688543,-67.4974535,,
ramp_0124,José de San Martín,Carlos M. de Alvear,Centro,1,Si,Óptimo,Pintado,-45.861012,-67.4971242,,
ramp_0125,Avenida Bernardino Rivadavia,Carlos Pellegrini,Centro,1,Si,Óptimo,,-45.862075,-67.480148,,
ramp_0126,Avenida Bernardino Rivadavia,Carlos Pellegrini,Centro,1,Si,Mejorar,Parada de colectivos,-45.862068,-67.479754,,
ramp_0127,Avenida Bernardino Rivadavia,Carlos Pellegrini,Centro,1,Si,Óptimo,,-45.862182,-67.479759,,
ramp_0128,Avenida Bernardino Rivadavia,Carlos Pellegrini,Centro,1,Si,Óptimo,,-45.862188,-67.480153,,
ramp_0129,Base Almirante Brown,Carlos Pellegrini,Centro,1,Si,Óptimo,,-45.863663,-67.480181,,
ramp_0130,Base Almirante Brown,Carlos Pellegrini,Centro,1,Si,Óptimo,,-45.863624,-67.479784,,
ramp_0131,Base Almirante Brown,Carlos Pellegrini,Centro,1,Si,Mejorar,,-45.8637374,-67.4797645,,
ramp_0132,Domingo Ramón Miranda,Carlos Pellegrini,Centro,1,Si,Óptimo,,-45.862864,-67.479757,,
ramp_0133,José de San Martín,Carlos Pellegrini,Centro,1,Si,Mejorar,,-45.861107,-67.47976,,
ramp_0134,José de San Martín,Carlos Pellegrini,Centro,1,Si,Óptimo,,-45.86111,-67.480144,,
ramp_0135,José de San Martín,Carlos Pellegrini,Centro,1,Si,Mejorar,Obra,-45.860981,-67.480119,,
ramp_0136,José de San Martín,Carlos Pellegrini,Centro,1,Si,Mejorar,,-45.86099,-67.479759,,
ramp_0137,Pasaje Gil Álvarez,Carlos Pellegrini,Centro,1,Si,Óptimo,,-45.862849,-67.480139,,
ramp_0138,Pasaje Gil Álvarez,Carlos Pellegrini,Centro,1,Si,Mejorar,,-45.862737,-67.480127,,
ramp_0139,Avenida Hipólito Yrigoyen,Carlos Pellegrini,Centro,1,Si,Óptimo,,-45.8642861,-67.48011,,
ramp_0140,Avenida Bernardino Rivadavia,Chacabuco,Centro,1,Si,Óptimo,,-45.8624603,-67.4909442,,
ramp_0141,Avenida Bernardino Rivadavia,Chacabuco,Centro,1,Si,Óptimo,Pintado,-45.8621744,-67.4909338,,
ramp_0142,Avenida Bernardino Rivadavia,Chacabuco,Centro,1,Si,Óptimo,,-45.8623781,-67.4909506,,
ramp_0143,Avenida Bernardino Rivadavia,Chacabuco,Centro,1,Si,Óptimo,,-45.8621901,-67.4905776,,
ramp_0144,Avenida Bernardino Rivadavia,Chacabuco,Centro,1,Si,Óptimo,,-45.8620814,-67.490576,,
ramp_0145,Dorrego,Chacabuco,Centro,1,Si,Óptimo,,-45.8657146,-67.4905543,,
ramp_0146,José de San Martín,Chacabuco,Centro,1,Si,Óptimo,,-45.8624755,-67.4906047,,
ramp_0147,José de San Martín,Chacabuco,Centro,1,Si,Óptimo,,-45.8610081,-67.4909836,,
ramp_0148,Rawson,Cornelio de Saavedra,Centro,1,Si,Óptimo,,-45.8645245,-67.4955925,,
ramp_0149,Avenida Valentín Alsina,Dalmacio Vélez Sarsfield,Centro,1,Si,Óptimo,,-45.8677035,-67.493871,,
ramp_0150,Avenida Valentín Alsina,Dalmacio Vélez Sarsfield,Centro,1,Si,Óptimo,Pintado,-45.8679295,-67.4938858,,
ramp_0151,Avenida Valentín Alsina,Dalmacio Vélez Sarsfield,Centro,1,Si,Óptimo,Pintado,-45.8677023,-67.4937262,,
ramp_0152,Justo José de Urquiza,Dalmacio Vélez Sarsfield,Centro,1,Si,Óptimo,,-45.8676745,-67.4923879,,
ramp_0153,Avenida Valentín Alsina,Domingo Faustino Sarmiento,Centro,1,Si,Óptimo,Boulevard,-45.860178,-67.4938932,,
ramp_0154,Avenida Valentín Alsina,Domingo Faustino Sarmiento,Centro,1,Si,Óptimo,,-45.8601816,-67.4941002,,
ramp_0155,España,Domingo Faustino Sarmiento,Centro,1,Si,Óptimo,,-45.860102,-67.4862284,,
ramp_0156,España,Domingo Faustino Sarmiento,Centro,1,Si,Óptimo,,-45.8601002,-67.4860144,,
ramp_0157,España,Domingo Faustino Sarmiento,Centro,1,Si,Óptimo,,-45.8598825,-67.486019,,
ramp_0158,España,Domingo Faustino Sarmiento,Centro,1,Si,Mejorar,,-45.8598903,-67.4862485,,
ramp_0159,Francia,Domingo Faustino Sarmiento,Centro,1,Si,Mejorar,,-45.860095,-67.489133,,
ramp_0160,Francia,Domingo Faustino Sarmiento,Centro,1,Si,Mejorar,,-45.859888,-67.489328,,
ramp_0161,Francia,Domingo Faustino Sarmiento,Centro,1,Si,Mejorar,,-45.860089,-67.48934,,
ramp_0162,Italia,Domingo Faustino Sarmiento,Centro,1,Si,Mejorar,,-45.8598837,-67.4875709,,
ramp_0163,Italia,Domingo Faustino Sarmiento,Centro,1,Si,Óptimo,,-45.8598823,-67.4877777,,
ramp_0164,Luis Argentino Huergo,Domingo Faustino Sarmiento,Centro,1,Si,Óptimo,,-45.8588422,-67.4890863,,
ramp_0165,Manuel Belgrano,Domingo Faustino Sarmiento,Centro,1,Si,Óptimo,,-45.8601054,-67.4844549,,
ramp_0166,Carlos Pellegrini,Domingo Ramon Miranda,Centro,1,Si,Mejorar,,-45.862684,-67.479882,,
ramp_0167,Carlos M. de Alvear,Manuel Dorrego,Centro,1,Si,Mejorar,,-45.8657926,-67.49717,,
ramp_0168,Chacabuco,Manuel Dorrego,Centro,1,Si,Óptimo,,-45.8657586,-67.4907999,,
ramp_0169,Chacabuco,Manuel Dorrego,Centro,1,Si,Óptimo,Pintado,-45.8657451,-67.4906053,,
ramp_0170,Italia,Manuel Dorrego,Centro,1,Si,Óptimo,,-45.8657372,-67.4875745,,
ramp_0171,Leandro N. Alem,Manuel Dorrego,Centro,1,Si,Mejorar,,-45.8657785,-67.4989304,,
ramp_0172,Avenida Bernardino Rivadavia,España,Centro,1,Si,Óptimo,,-45.8621821,-67.4863368,,
ramp_0173,Avenida Bernardino Rivadavia,España,Centro,1,Si,Óptimo,,-45.8620879,-67.4862748,,
ramp_0174,Avenida Bernardino Rivadavia,España,Centro,1,Si,Óptimo,,-45.8621869,-67.4859581,,
ramp_0175,Avenida Bernardino Rivadavia,España,Centro,1,Si,Óptimo,,-45.862393,-67.486295,,
ramp_0176,Avenida Bernardino Rivadavia,España,Centro,1,Si,Mejorar,,-45.8624882,-67.4862659,,
ramp_0177,Domingo Faustino Sarmiento,España,Centro,1,Si,Óptimo,,-45.8600587,-67.4862905,,
ramp_0178,Domingo Faustino Sarmiento,España,Centro,1,Si,Óptimo,,-45.8600671,-67.4859617,,
ramp_0179,Domingo Faustino Sarmiento,España,Centro,1,Si,Óptimo,,-45.8599223,-67.4859734,,
ramp_0180,Domingo Faustino Sarmiento,España,Centro,1,Si,Óptimo,,-45.8599373,-67.4862932,,
ramp_0181,Florentino Ameghino,España,Centro,1,Si,Óptimo,,-45.86356,-67.486314,,
ramp_0182,José de San Martín,España,Centro,1,Si,Óptimo,,-45.8611414,-67.4859568,,
ramp_0183,José de San Martín,España,Centro,1,Si,Mejorar,,-45.8611463,-67.4862751,,
ramp_0184,José de San Martín,España,Centro,1,Si,Mejorar,,-45.8610334,-67.4862867,,
ramp_0185,José de San Martín,España,Centro,1,Si,Mejorar,,-45.8610007,-67.4859686,,
ramp_0186,Pasaje Ibarguren,España,Centro,1,Si,Óptimo,Pintado,-45.8593576,-67.4860139,,
ramp_0187,Bartolomé Mitre,Florentino Ameghino,Centro,1,Si,Mejorar,,-45.863609,-67.4831291,,
ramp_0188,Bartolomé Mitre,Florentino Ameghino,Centro,1,Si,Mejorar,,-45.863609,-67.482909,,
ramp_0189,Carlos M. de Alvear,Florentino Ameghino,Centro,1,Si,Óptimo,,-45.8636346,-67.4971685,,
ramp_0190,Leandro N. Alem,Florentino Ameghino,Centro,1,Si,Mejorar,,-45.863371,-67.498935,,
ramp_0191,Leandro N. Alem,Florentino Ameghino,Centro,1,Si,Óptimo,,-45.863624,-67.498746,,
ramp_0192,Leandro N. Alem,Florentino Ameghino,Centro,1,Si,Mejorar,,-45.86362,-67.498905,,
ramp_0193,25 de Mayo,Florentino Ameghino,Centro,1,Si,Mejorar,,-45.863396,-67.481376,,
ramp_0194,Leandro N. Alem,Florentino Ameghino,Centro,1,Si,Mejorar,,-45.863624,-67.498746,,
ramp_0195,Domingo Faustino Sarmiento,Francia,Centro,1,Si,Mejorar,,-45.859931,-67.489381,,
ramp_0196,Domingo Faustino Sarmiento,Francia,Centro,1,Si,Óptimo,,-45.860043,-67.489376,,
ramp_0197,José de San Martín,Francia,Centro,1,Si,Óptimo,,-45.859927,-67.489384,,
ramp_0198,José de San Martín,Francia,Centro,1,Si,Óptimo,,-45.860041,-67.489384,,
ramp_0199,José de San Martín,Francia,Centro,1,Si,Óptimo,,-45.861131,-67.489389,,
ramp_0200,José de San Martín,Francia,Centro,1,Si,Mejorar,,-45.8610057,-67.4893755,,
ramp_0201,25 de Mayo,Gil Alvarez,Centro,1,Si,Mejorar,,-45.86291,-67.481409,,
ramp_0202,Carlos Pellegrini,Gil Alvarez,Centro,1,Si,Óptimo,,-45.862919,-67.480066,,
ramp_0203,Cornelio de Saavedra,Hipólito Bouchard,Centro,1,Si,Óptimo,Pintado,-45.8690308,-67.4956658,,
ramp_0204,Leandro N. Alem,Hipólito Bouchard,Centro,1,Si,Óptimo,,-45.8687683,-67.498936,,
ramp_0205,Leandro N. Alem,Hipólito Bouchard,Centro,1,Si,Mejorar,Rampa alta,-45.869007,-67.498721,,
ramp_0206,Mariano Moreno,Inmigrantes Gallegos,Centro,1,Si,Mejorar,,-45.862987,-67.476944,,
ramp_0207,Mariano Moreno,Inmigrantes Gallegos,Centro,1,Si,Mejorar,,-45.862769,-67.476954,,
ramp_0208,Mariano Moreno,Inmigrantes Gallegos,Centro,1,Si,Mejorar,,-45.8627822,-67.4767552,,
ramp_0209,Mariano Moreno,Inmigrantes Gallegos,Centro,1,Si,Mejorar,,-45.862968,-67.476763,,
ramp_0210,Avenida Bernardino Rivadavia,Italia,Centro,1,Si,Óptimo,,-45.86249,-67.489016,,
ramp_0211,Avenida Bernardino Rivadavia,Italia,Centro,1,Si,Óptimo,,-45.8623969,-67.4890257,,
ramp_0212,Avenida Bernardino Rivadavia,Italia,Centro,1,Si,Óptimo,,-45.8622103,-67.4890396,,
ramp_0213,Avenida Bernardino Rivadavia,Italia,Centro,1,Si,Óptimo,,-45.8620915,-67.4890355,,
ramp_0214,Avenida Bernardino Rivadavia,Italia,Centro,1,Si,Óptimo,,-45.8620811,-67.4893907,,
ramp_0215,Avenida Bernardino Rivadavia,Italia,Centro,1,Si,Óptimo,,-45.8621958,-67.4893892,,
ramp_0216,Avenida Bernardino Rivadavia,Italia,Centro,1,Si,Óptimo,,-45.8623932,-67.489395,,
ramp_0217,Avenida Bernardino Rivadavia,Italia,Centro,1,Si,Óptimo,,-45.86248,-67.489398,,
ramp_0218,Avenida Bernardino Rivadavia,Italia,Centro,1,Si,Óptimo,,-45.8621171,-67.4878835,,
ramp_0219,Avenida Bernardino Rivadavia,Italia,Centro,1,Si,Óptimo,,-45.862208,-67.487885,,
ramp_0220,Avenida Bernardino Rivadavia,Italia,Centro,1,Si,Óptimo,,-45.8623987,-67.487845,,
ramp_0221,Avenida Bernardino Rivadavia,Italia,Centro,1,Si,Óptimo,,-45.8624846,-67.4878318,,
ramp_0222,Avenida Bernardino Rivadavia,Italia,Centro,1,Si,Óptimo,,-45.8620807,-67.4874878,,
ramp_0223,Avenida Bernardino Rivadavia,Italia,Centro,1,Si,Mejorar,,-45.8624874,-67.4874597,,
ramp_0224,Avenida Bernardino Rivadavia,Italia,Centro,1,Si,Óptimo,,-45.86239,-67.48747,,
ramp_0225,Domingo Faustino Sarmiento,Italia,Centro,1,Si,Óptimo,,-45.8599279,-67.487832,,
ramp_0226,Luis Argentino Huergo,Italia,Centro,1,Si,Óptimo,,-45.85883,-67.4877802,,
ramp_0227,Luis Argentino Huergo,Italia,Centro,1,Si,Óptimo,,-45.8589661,-67.487816,,
ramp_0228,Rawson,Italia,Centro,1,Si,Óptimo,,-45.8646205,-67.4874729,,
ramp_0229,25 de Mayo,José de San Martín,Centro,1,Si,Mejorar,,-45.860943,-67.48161,,
ramp_0230,25 de Mayo,José de San Martín,Centro,1,Si,Mejorar,,-45.860939,-67.481376,,
ramp_0231,25 de Mayo,José de San Martín,Centro,1,Si,Mejorar,,-45.861162,-67.481397,,
ramp_0232,25 de Mayo,José de San Martín,Centro,1,Si,Mejorar,,-45.861167,-67.481591,,
ramp_0233,Mariano Moreno,José de San Martín,Centro,1,Si,Óptimo,,-45.860932,-67.47696,,
ramp_0234,Mariano Moreno,José de San Martín,Centro,1,Si,Óptimo,,-45.861174,-67.476773,,
ramp_0235,Mariano Moreno,José de San Martín,Centro,1,Si,Mejorar,,-45.861177,-67.476965,,
ramp_0236,Máximo Abásolo,José de San Martín,Centro,1,Si,Óptimo,,-45.860946,-67.474517,,
ramp_0237,Máximo Abásolo,José de San Martín,Centro,1,Si,Mejorar,,-45.860927,-67.474304,,
ramp_0238,Máximo Abásolo,José de San Martín,Centro,1,Si,Mejorar,,-45.861184,-67.474183,,
ramp_0239,Máximo Abásolo,José de San Martín,Centro,1,Si,Óptimo,,-45.861175,-67.474388,,
ramp_0240,Justo José de Urquiza,José de San Martín,Centro,1,Si,Mejorar,,-45.8609332,-67.4922108,,
ramp_0241,Francia,José de San Martín,Centro,1,Si,Mejorar,,-45.859892,-67.489109,,
ramp_0242,Francia,José de San Martín,Centro,1,Si,Óptimo,,-45.860089,-67.489331,,
ramp_0243,Cornelio de Saavedra,José de San Martín,Centro,1,Si,Óptimo,Pintado,-45.8609563,-67.4958402,,
ramp_0244,9 de Julio,José de San Martín,Centro,1,Si,Mejorar,,-45.860916,-67.478308,,
ramp_0245,9 de Julio,José de San Martín,Centro,1,Si,Mejorar,Obra,-45.861108,-67.478559,,
ramp_0246,9 de Julio,José de San Martín,Centro,1,Si,Óptimo,,-45.860925,-67.478508,,
ramp_0247,9 de Julio,José de San Martín,Centro,1,Si,Mejorar,Obra,-45.861166,-67.478294,,
ramp_0248,Bartolomé Mitre,José de San Martín,Centro,1,Si,Mejorar,,-45.8611787,-67.4829449,,
ramp_0249,Bartolomé Mitre,José de San Martín,Centro,1,Si,Mejorar,,-45.86118,-67.483144,,
ramp_0250,Bartolomé Mitre,José de San Martín,Centro,1,Si,Mejorar,,-45.860906,-67.483145,,
ramp_0251,Bartolomé Mitre,José de San Martín,Centro,1,Si,Mejorar,,-45.86091,-67.482928,,
ramp_0252,Carlos M. de Alvear,José de San Martín,Centro,1,Si,Óptimo,Pintado,-45.8609324,-67.4971829,,
ramp_0253,Carlos Pellegrini,José de San Martín,Centro,1,Si,Mejorar,Obra,-45.860934,-67.480044,,
ramp_0254,Carlos Pellegrini,José de San Martín,Centro,1,Si,Mejorar,,-45.860935,-67.479859,,
ramp_0255,Carlos Pellegrini,José de San Martín,Centro,1,Si,Mejorar,,-45.861168,-67.479873,,
ramp_0256,Carlos Pellegrini,José de San Martín,Centro,1,Si,Mejorar,,-45.861169,-67.480033,,
ramp_0257,Chacabuco,José de San Martín,Centro,1,Si,Óptimo,Boluverd,-45.8623582,-67.4906247,,
ramp_0258,Cornelio de Saavedra,José de San Martín,Centro,1,Si,Óptimo,Pintado,-45.8611851,-67.4958226,,
ramp_0259,España,José de San Martín,Centro,1,Si,Mejorar,,-45.8609854,-67.4862334,,
ramp_0260,España,José de San Martín,Centro,1,Si,Mejorar,,-45.8609742,-67.4860146,,
ramp_0261,España,José de San Martín,Centro,1,Si,Mejorar,Con altura,-45.8611732,-67.4860103,,
ramp_0262,España,José de San Martín,Centro,1,Si,Mejorar,,-45.8611787,-67.4862284,,
ramp_0263,Francia,José de San Martín,Centro,1,Si,Óptimo,,-45.8609399,-67.489093,,
ramp_0264,Juan Martín de Güemes,José de San Martín,Centro,1,Si,Mejorar,,-45.86093,-67.475413,,
ramp_0265,Juan Martín de Güemes,José de San Martín,Centro,1,Si,Mejorar,,-45.860933,-67.475203,,
ramp_0266,Juan Martín de Güemes,José de San Martín,Centro,1,Si,Mejorar,,-45.861183,-67.475217,,
ramp_0267,Justo José de Urquiza,José de San Martín,Centro,1,Si,Mejorar,,-45.8609447,-67.4923509,,
ramp_0268,Manuel Belgrano,José de San Martín,Centro,1,Si,Óptimo,,-45.8609767,-67.4846829,,
ramp_0269,Manuel Belgrano,José de San Martín,Centro,1,Si,Óptimo,,-45.8609733,-67.4844347,,
ramp_0270,Manuel Belgrano,José de San Martín,Centro,1,Si,Mejorar,,-45.861186,-67.4844448,,
ramp_0271,Manuel Belgrano,José de San Martín,Centro,1,Si,Mejorar,,-45.8611905,-67.4846803,,
ramp_0272,Avenida Valentín Alsina,José de San Martín,Centro,1,Si,Óptimo,Pintado,-45.8608867,-67.4941099,,
ramp_0273,Carlos M. de Alvear,José de San Martín,Centro,1,Si,Óptimo,,-45.8611616,-67.4973603,,
ramp_0274,José de San Martín,Juan Martín de Güemes,Centro,1,Si,Óptimo,,-45.86098,-67.475504,,
ramp_0275,Avenida Bernardino Rivadavia,Juan Martín de Güemes,Centro,1,Si,Mejorar,Policia,-45.862077,-67.475531,,
ramp_0276,Avenida Bernardino Rivadavia,Juan Martín de Güemes,Centro,1,Si,Óptimo,,-45.86207,-67.475083,,
ramp_0277,Avenida Bernardino Rivadavia,Juan Martín de Güemes,Centro,1,Si,Mejorar,,-45.86218,-67.475095,,
ramp_0278,Avenida Bernardino Rivadavia,Juan Martín de Güemes,Centro,1,Si,Mejorar,,-45.86218,-67.475504,,
ramp_0279,José de San Martín,Juan Martín de Güemes,Centro,1,Si,Óptimo,,-45.861113,-67.475166,,
ramp_0280,José de San Martín,Juan Martín de Güemes,Centro,1,Si,Mejorar,,-45.861188,-67.475381,,
ramp_0281,José de San Martín,Juan Martín de Güemes,Centro,1,Si,Mejorar,,-45.861117,-67.475471,,
ramp_0282,Inmigrantes Gallegos,Juan Martín de Güemes,Centro,1,Si,Mejorar,,-45.8628699,-67.4754853,,
ramp_0283,Inmigrantes Gallegos,Juan Martín de Güemes,Centro,1,Si,Óptimo,,-45.86276,-67.475508,,
ramp_0284,José de San Martín,Juan Martín de Güemes,Centro,1,Si,Mejorar,,-45.860981,-67.475135,,
ramp_0285,Dalmacio Vélez Sarsfield,Justo José de Urquiza,Centro,1,Si,Óptimo,,-45.867853,-67.4924279,,
ramp_0286,Dalmacio Vélez Sarsfield,Justo José de Urquiza,Centro,1,Si,Óptimo,,-45.8677431,-67.4925,,
ramp_0287,Avenida Bernardino Rivadavia,Justo José de Urquiza,Centro,1,Si,Óptimo,,-45.86249,-67.4921005,,
ramp_0288,Avenida Bernardino Rivadavia,Justo José de Urquiza,Centro,1,Si,Óptimo,,-45.8625082,-67.4924428,,
ramp_0289,Avenida Bernardino Rivadavia,Justo José de Urquiza,Centro,1,Si,Óptimo,,-45.8624055,-67.4924428,,
ramp_0290,Avenida Bernardino Rivadavia,Justo José de Urquiza,Centro,1,Si,Óptimo,,-45.8622075,-67.4924682,,
ramp_0291,Avenida Bernardino Rivadavia,Justo José de Urquiza,Centro,1,Si,Mejorar,,-45.8621067,-67.4924696,,
ramp_0292,Avenida Bernardino Rivadavia,Justo José de Urquiza,Centro,1,Si,Óptimo,,-45.8623992,-67.4920991,,
ramp_0293,Avenida Bernardino Rivadavia,Justo José de Urquiza,Centro,1,Si,Óptimo,,-45.8621986,-67.4921041,,
ramp_0294,Avenida Bernardino Rivadavia,Justo José de Urquiza,Centro,1,Si,Óptimo,,-45.8621112,-67.4920836,,
ramp_0295,Maipú,Justo José de Urquiza,Centro,1,Si,Óptimo,,-45.8667883,-67.4924537,,
ramp_0296,Aristóbulo del Valle,Leandro Alem,Centro,1,Si,Mejorar,,-45.86992,-67.499069,,
ramp_0297,Aristóbulo del Valle,Leandro Alem,Centro,1,Si,Mejorar,,-45.8700378,-67.4990699,,
ramp_0298,Avenida Bernardino Rivadavia,Leandro Alem,Centro,1,Si,Mejorar,Boulevard,-45.862175,-67.498627,,
ramp_0299,Avenida Bernardino Rivadavia,Leandro Alem,Centro,1,Si,Mejorar,,-45.862178,-67.499022,,
ramp_0300,Avenida Bernardino Rivadavia,Leandro Alem,Centro,1,Si,Mejorar,,-45.86207,-67.498626,,
ramp_0301,José de San Martín,Leandro Alem,Centro,1,Si,Óptimo,,-45.8611348,-67.4990019,,
ramp_0302,Maipú,Leandro Alem,Centro,1,Si,Mejorar,,-45.866684,-67.499027,,
ramp_0303,Maipú,Leandro Alem,Centro,1,Si,Mejorar,,-45.8668036,-67.499033,,
ramp_0304,Florentino Ameghino,Leandro Alem,Centro,1,Si,Óptimo,,-45.8635667,-67.4986591,,
ramp_0305,Hipólito Bouchard,Leandro Alem,Centro,1,Si,Óptimo,,-45.8688307,-67.4990395,,
ramp_0306,Hipólito Bouchard,Leandro Alem,Centro,1,Si,Mejorar,,-45.868812,-67.4986267,,
ramp_0307,Hipólito Bouchard,Leandro Alem,Centro,1,Si,Mejorar,,-45.868942,-67.498643,,
ramp_0308,Chacabuco,Luis Argentino Huergo,Centro,1,Si,Óptimo,,-45.8590416,-67.4908398,,
ramp_0309,Chacabuco,Luis Argentino Huergo,Centro,1,Si,Óptimo,,-45.8589959,-67.4906396,,
ramp_0310,Francia,Luis Argentino Huergo,Centro,1,Si,Óptimo,,-45.859024,-67.4891177,,
ramp_0311,Italia,Luis Argentino Huergo,Centro,1,Si,Óptimo,,-45.8590091,-67.4877613,,
ramp_0312,Carlos M. de Alvear,Maipú,Centro,1,Si,Mejorar,,-45.8668654,-67.4973986,,
ramp_0313,Carlos M. de Alvear,Maipú,Centro,1,Si,Óptimo,,-45.8666212,-67.4971662,,
ramp_0314,Justo José de Urquiza,Maipú,Centro,1,Si,Óptimo,,-45.866848,-67.4923489,,
ramp_0315,Leandro N. Alem,Maipú,Centro,1,Si,Mejorar,,-45.8665987,-67.4989387,,
ramp_0316,Leandro N. Alem,Maipú,Centro,1,Si,Mejorar,,-45.866873,-67.498926,,
ramp_0317,Avenida Bernardino Rivadavia,Manuel Belgrano,Centro,1,Si,Óptimo,,-45.8620977,-67.4847544,,
ramp_0318,Avenida Bernardino Rivadavia,Manuel Belgrano,Centro,1,Si,Óptimo,Cruce no vidente,-45.8620819,-67.4843828,,
ramp_0319,Avenida Bernardino Rivadavia,Manuel Belgrano,Centro,1,Si,Óptimo,,-45.8622245,-67.4843949,,
ramp_0320,Avenida Bernardino Rivadavia,Manuel Belgrano,Centro,1,Si,Óptimo,Iglesia Catedral,-45.8622027,-67.484747,,
ramp_0321,José de San Martín,Manuel Belgrano,Centro,1,Si,Óptimo,,-45.8610138,-67.4847461,,
ramp_0322,José de San Martín,Manuel Belgrano,Centro,1,Si,Óptimo,,-45.8610116,-67.4843971,,
ramp_0323,José de San Martín,Manuel Belgrano,Centro,1,Si,Mejorar,,-45.8611458,-67.4844116,,
ramp_0324,José de San Martín,Manuel Belgrano,Centro,1,Si,Mejorar,,-45.8611542,-67.4847421,,
ramp_0325,Manuel Dorrego,Manuel Belgrano,Centro,1,Si,Óptimo,Pintado,-45.865357,-67.4847488,,
ramp_0326,Rawson,Manuel Belgrano,Centro,1,Si,Óptimo,Pintado,-45.8646006,-67.4843803,,
ramp_0327,Manuel Belgrano,Manuel Dorrego,Centro,1,Si,Óptimo,Pintado,-45.8653112,-67.4846737,,
ramp_0328,José de San Martín,Mariano Moreno,Centro,1,Si,Mejorar,,-45.860994,-67.477066,,
ramp_0329,Avenida Bernardino Rivadavia,Mariano Moreno,Centro,1,Si,Mejorar,,-45.8621082,-67.4770392,,
ramp_0330,Avenida Bernardino Rivadavia,Mariano Moreno,Centro,1,Si,Óptimo,,-45.8620952,-67.4766977,,
ramp_0331,Avenida Bernardino Rivadavia,Mariano Moreno,Centro,1,Si,Óptimo,,-45.8622514,-67.4766917,,
ramp_0332,Avenida Bernardino Rivadavia,Mariano Moreno,Centro,1,Si,Óptimo,,-45.8622358,-67.4770238,,
ramp_0333,Avenida Hipólito Yrigoyen,Mariano Moreno,Centro,1,Si,Óptimo,Pintado,-45.8635846,-67.4766597,,
ramp_0334,Avenida Hipólito Yrigoyen,Mariano Moreno,Centro,1,Si,Óptimo,Pintado,-45.8636458,-67.4770044,,
ramp_0335,Inmigrantes Gallegos,Mariano Moreno,Centro,1,Si,Mejorar,,-45.8629524,-67.4770787,,
ramp_0336,Inmigrantes Gallegos,Mariano Moreno,Centro,1,Si,Óptimo,,-45.8628666,-67.477099,,
ramp_0337,Inmigrantes Gallegos,Mariano Moreno,Centro,1,Si,Mejorar,,-45.8628363,-67.4766393,,
ramp_0338,Inmigrantes Gallegos,Mariano Moreno,Centro,1,Si,Óptimo,,-45.8629475,-67.4766416,,
ramp_0339,José de San Martín,Mariano Moreno,Centro,1,Si,Óptimo,,-45.861115,-67.47666,,
ramp_0340,José de San Martín,Mariano Moreno,Centro,1,Si,Mejorar,,-45.861124,-67.47706,,
ramp_0341,José de San Martín,Máximo Abásolo,Centro,1,Si,Óptimo,,-45.861006,-67.474583,,
ramp_0342,José de San Martín,Máximo Abásolo,Centro,1,Si,Óptimo,,-45.861123,-67.47453,,
ramp_0343,Viamonte,Necochea,Centro,1,Si,Óptimo,Pintado,-45.8709076,-67.5002902,,
ramp_0344,Dr. Roberto Luis Scocco,Profesor Luis Mora,Centro,1,Si,Mejorar,,-45.862219,-67.471936,,
ramp_0345,José de San Martín,Profesor Luis Mora,Centro,1,Si,Óptimo,,-45.860955,-67.473683,,
ramp_0346,José de San Martín,Profesor Luis Mora,Centro,1,Si,Mejorar,,-45.861111,-67.473569,,
ramp_0347,Cornelio de Saavedra,Rawson,Centro,1,Si,Mejorar,,-45.8646846,-67.4956403,,
ramp_0348,Francia,Rawson,Centro,1,Si,Óptimo,,-45.8647059,-67.4890519,,
ramp_0349,Italia,Rawson,Centro,1,Si,Óptimo,,-45.8646864,-67.4875632,,
ramp_0350,Manuel Belgrano,Rawson,Centro,1,Si,Óptimo,Pintado,-45.8646755,-67.4844761,,
ramp_0351,9 de Julio,Rufino Riera,Centro,1,Si,Óptimo,,-45.8633767,-67.4784246,,
ramp_0352,Avenida Bernardino Rivadavia,Saavedra,Centro,1,Si,Mejorar,,-45.8624965,-67.4955881,,
ramp_0353,Avenida Bernardino Rivadavia,Saavedra,Centro,1,Si,Mejorar,,-45.8623691,-67.4955417,,
ramp_0354,Avenida Bernardino Rivadavia,Saavedra,Centro,1,Si,Mejorar,Boulevard Dr. Eduardo Napolitoni,-45.8621861,-67.4959017,,
ramp_0355,Avenida Bernardino Rivadavia,Saavedra,Centro,1,Si,Óptimo,,-45.862068,-67.495903,,
ramp_0356,Hipólito Bouchard,Saavedra,Centro,1,Si,Óptimo,Pintado,-45.8689475,-67.4955379,,
ramp_0357,José de San Martín,Saavedra,Centro,1,Si,Óptimo,Pintado,-45.8610007,-67.4958975,,
ramp_0358,José de San Martín,Saavedra,Centro,1,Si,Óptimo,,-45.8611485,-67.4958654,,
ramp_0359,Aristóbulo del Valle,Viamonte,Centro,1,Si,Óptimo,Pintado,-45.8700346,-67.500184,,
ramp_0360,Aristóbulo del Valle,Viamonte,Centro,1,Si,Mejorar,,-45.8699108,-67.5002095,,
ramp_0361,Avenida Bernardino Rivadavia,Viamonte,Centro,1,Si,Óptimo,,-45.862168,-67.500534,,
ramp_0362,Avenida Bernardino Rivadavia,Viamonte,Centro,1,Si,Mejorar,,-45.862375,-67.50053,,
ramp_0363,Maipú,Viamonte,Centro,1,Si,Óptimo,,-45.8666566,-67.5002611,,
ramp_0364,Necochea,Viamonte,Centro,1,Si,Óptimo,Pintado,-45.8709864,-67.5002059,,
ramp_0365,Avenida Hipólito Yrigoyen,,Centro,1,Si,Óptimo,,-45.8678049,-67.4879591,,
ramp_0366,13 de Diciembre,,Centro,1,Si,Óptimo,Pintado,-45.8649462,-67.501819,,
ramp_0367,Avenida Bernardino Rivadavia,,Centro,1,Si,Óptimo,,-45.8624879,-67.486434,,
ramp_0368,Cornelio de Saavedra,,Centro,1,Si,Óptimo,Pintado,-45.8607008,-67.4956348,,
ramp_0369,Cornelio de Saavedra,,Centro,1,Si,Óptimo,,-45.8643796,-67.4956412,,
ramp_0370,Dalmacio Vélez Sarsfield,,Centro,1,Si,Mejorar,,-45.867764,-67.4974648,,
ramp_0371,Dr. Roberto Luis Scocco,,Centro,1,Si,Mejorar,,-45.862687,-67.472914,,
ramp_0372,España,,Centro,1,Si,Óptimo,Pintado,-45.8592932,-67.4862298,,
ramp_0373,España,,Centro,1,Si,Óptimo,Pintado,-45.8590989,-67.4862285,,
ramp_0374,Francia,,Centro,1,Si,Óptimo,,-45.860518,-67.4893374,,
ramp_0375,Leandro N. Alem,,Centro,1,Si,Óptimo,,-45.8590331,-67.4989421,,
ramp_0376,Luis Argentino Huergo,,Centro,1,Si,Óptimo,,-45.8588453,-67.4867285,,
ramp_0377,Profesor Luis Mora,,Centro,1,Si,Óptimo,,-45.860757,-67.473661,,
ramp_0378,Profesor Luis Mora,,Centro,1,Si,Óptimo,,-45.860596,-67.473489,,
ramp_0379,Profesor Luis Mora,,Centro,1,Si,Óptimo,,-45.859913,-67.474011,,
ramp_0380,Profesor Luis Mora,,Centro,1,Si,Óptimo,,-45.859173,-67.474432,,
ramp_0381,Roberto Hilario Mujica,,Centro,1,Si,Óptimo,,-45.8617962,-67.4718189,,
ramp_0382,Roberto Hilario Mujica,,Centro,1,Si,Mejorar,,-45.8618482,-67.471926,,
ramp_0383,Roberto Hilario Mujica,,Centro,1,Si,Mejorar,,-45.861295,-67.472303,,
ramp_0384,Roberto Hilario Mujica,,Centro,1,Si,Mejorar,,-45.861341,-67.472388,,
ramp_0385,Roberto Hilario Mujica,,Centro,1,Si,Mejorar,,-45.860866,-67.472933,,
ramp_0386,Roberto Hilario Mujica,,Centro,1,Si,Mejorar,,-45.860911,-67.473008,,
ramp_0387,Roberto Hilario Mujica,,Centro,1,Si,Mejorar,,-45.860805,-67.473362,,