"nombre_relevamiento","en_conjunto_con_area","estado","plazo","porc_avance","avances_publicados","fecha_inicio","periodicidad_actualizacion",""
"Actualización y normalización de datasets georreferenciados en general","","En curso","Mediano","100","Si","2025-01","mensual",""
"Actualización de registro de productores de la agricultura familiar","Subsecretaría de Economía Social","En curso","Largo","90","Si","2025-11","mensual",""
"Actualización de dataset espacios verdes","","En curso","Largo","80","No","2026-04","anual",""
"Relevamiento de rampas de accesibilidad","","En curso","Mediano","25","Si","2026-04","anual",""
"Actualización de datos censales por barrio","","En curso","Largo","25","No","2024-11","anual",""
"Relevamiento de paradas y recorridos de transporte público","Dirección General de Transporte","En curso","Mediano","5","No","2026-04","anual",""
"","","","","","","","",""
"","","","","","","","",""
"","","","","","","","",""
"","","","","","","","",""
"","","","","","","","",""
"","","","","","","","",""
"","","","","","","","",""
"","","","","","","","",""
"","","","","","","","",""
"","","","","","","","",""
"","","","","","","","",""
"","","","","","","","",""
"","","","","","","","",""
"","","","","","","","",""
"","","","","","","","",""
